内科,宝宝3岁鼻塞好几天了，吃点什么好得快呢？,无,感冒导致鼻塞的症状建议口服扑尔敏，维生素C的方法治疗。建议均衡营养多吃新鲜蔬菜水果多喝水忌辛辣食物注意休息保，补充多种维生素增强抵抗力早康复。
内科,孩子感冒发烧咳嗽，吃什么感冒药好的快啊？,无,病毒造成的上呼吸道感染，需要及时治疗。如果是细菌感染会发高烧，你可以用点抗病毒的药物，比如用好娃娃感冒颗粒，新博林，苦甘冲剂和清开灵颗粒来治疗就可以了。如果咳嗽的严重加点小儿克咳糖浆。增加孩子抵抗力的药物可以用玉屏风颗粒来预防，也可以用中药贴服的方法。
内科,十六个月的小孩感冒期间可以喝鱼腥草煲汤吗,无,你好，如果宝宝刚刚感冒初起，流稀鼻涕，偏于风寒感冒，吃小儿速效伤风冲剂或者小儿感冒清热颗粒更对症一些，多喝水，多休息是最好的治疗方法，小孩感冒期间可以喝鱼腥草煲汤。
耳鼻喉科,4个月宝宝感冒鼻塞怎么办？,无,根据你说的症状主要是病毒引起感冒鼻塞表现，治疗应该抗病毒，可以服用利巴韦林，小儿氨黄那敏颗粒等药物治疗，多喝水看看。
营养保健科,金世力德匹多莫德颗粒婴儿能吃吗,无,匹多莫德颗粒，是可以给七个月的婴儿吃的！如果宝宝易感冒，是可以做流感疫苗做对症肌注预防，注意宝宝维生素AD的补充，和三精钙做对症治疗！适当添加辅食就可以 。
外科,4岁感冒发烧38.5 需要吊水吗  怎么治疗,昨天夜里发热38.5.,根据你说的情况主要是病毒引起感冒表现，治疗应该抗病毒，先服用药物治疗，如果还是不佳再考虑手术治疗，多喝水。保持心情舒畅。
内科,宝宝打完预防针的第二天就感冒了，怎么办,无,你好，注射疫苗后主要是避免使用免疫抑制剂类的药物，其它药物对疫苗不会有什么影响，所以建议给孩子口服些小儿感冒药，如小儿氨氛黄那敏颗粒，注意多给孩子喝水，如果是孩子的症状没有得到缓解，需要及时去医院检查治疗，
营养保健科,2个半月宝宝小儿氨酚黄那敏颗粒可以吃吗？,无,你好，考虑为感冒的可能，通常有咳嗽、咳痰、发烧的情况，所测量的体温不需加0.5度，超过37度就是发烧，可以采用小儿氨酚黄那敏颗粒治疗，多喝开水，注意保暖很重要，必要时可以采用输液进行治疗的。
营养保健科,小儿止泻灵颗粒能吃吗,无,"你好 这种首先要考虑化验大便,明确诊断是小儿消化不良还是肠炎或感冒导致的肠功能紊乱.如果是消化不良建议口服思密达和妈咪爱,再配合丁桂儿脐贴贴肚脐治疗；暂停添加.或减少添加辅食和不消化的食物 .好转后再循序渐进恢复. 必要时去医院儿科输液治疗.延长喂奶的间隔时间..多喂水.如果是肠炎导致的,建议您选择氨苄输液抗炎治疗.以免导致孩子脱水有发烧的可以选择口服布洛芬混悬液退烧治疗,希望对您有所帮助,祝宝宝早日痊愈"
前些日子感冒几天之后突然伴有咳嗽症状，由于当时宝宝消化不好，吃了助消化的药，但没见好转，而且大便中带水，一天会拉很多，宝宝明显消瘦，去看医生，说是脱水，打了三天的吊瓶，有了好转，当时宝宝不怎么咳嗽，也没做什么治疗，现在严重了","您好，孩子咳嗽半个月了，现在有咳嗽的现象，要注意后背保暖的，给孩子可以服用小儿清肺化痰止咳颗粒治疗的。
神经内科,6岁男孩，最近头晕，无贫血，不发烧，怎样治疗,在医院测量体温，化验血，血像高，打针，主要是消炎。,你好，原因可能是以下几点：1、可能是病毒性感冒正处在进行期，这些症状是由于感冒导致的，只要坚持及时有效的治疗就可以了。2、治疗药物的副作用，更改一下药物就会缓解。3、在打点滴的时候，速度过快了，调慢点滴的速度。祝早日恢复。
耳鼻喉科,10岁儿童经常感冒发烧，扁桃体红肿还伴有咳嗽,患者男，10岁，身体状况不太好，免疫力不强，只要感冒扁桃体就发炎，又发烧，还伴有干咳，闻到刺激性气味咳嗽加重,你好根据你的描述属于身体虚弱和慢性感染有关，可以抗生素治疗，清热解毒治疗，清淡饮食多饮水戒辛辣油腻烟酒，避免不良刺激。
内科,小儿感冒咳嗽,近期几天小儿咳嗽感冒还流鼻涕，而且鼻涕很粘，一咳嗽就吐,你好，考虑为感冒的可能，通常有咳嗽、咳痰、发烧的情况，所测量的体温不需加0.5度，超过37度就是发烧，可以采用小儿氨酚黄那敏颗粒治疗，多喝开水，注意保暖很重要，必要时可以采用输液进行治疗的。
耳鼻喉科,十一岁小孩声音嘶哑快近一个月了，怎么回事,无,您好，孩子的这种情况与感冒有一定的关系，可能是感冒引起来的气管炎或者是咽喉炎等病变，建议您最好带着孩子去检查一下比较好，也可以吃点中药调理一下。可以将蝉蜕泡水喝，这个有助于改善声音嘶哑的情况。
内科,宝宝气管炎什么症状,无,气管炎主要以咳嗽，喘息为主要症状；孩子气管炎一般是感冒咳嗽长期不愈导致的，所以以后应该注意爱护，减少感冒的机会，避免气管炎的发作。
内科,3岁小孩感冒咳嗽吃什么药好？,无,可以口服止咳化痰药物，如甘草合剂，氨溴索等。如有感染，口服红霉素等抗生素，以及口服气管等扩张的药物，如氨茶碱
内科,宝宝大便呈鼻涕状是怎么回事？,无,孩子大便呈鼻涕状，应考虑存在肠炎，这鼻涕状的东西，很可能是肠粘膜受损后脱落所致。有可能是感冒的全身症状之一
营养保健科,新生儿一个月后打疫苗要注意些什么？,无,你好，婴儿打疫苗的话要注意孩子是否有发烧、感冒等症状，发烧时一定要推迟打疫苗。打疫苗后家长不要马上离开预防接种室，一般观察半小时后才能离开，以防小孩出现不良反应。
内科,宝宝九个月流鼻涕还流眼泪，怎么办？,无,可能是感冒，口服药物不见效的，建议输液治疗为好。在当地医生指导下使用。有痰的加上鲜竹沥口服试试。如果发烧还需要适当加上额外的退烧药物。
内科,小儿感冒流鼻涕用祖卡木颗粒，可以吗,无,小孩感冒服用祖卡木颗粒是可以的，也可以服用护彤、小快克等改善流涕症状，同时可以配合利巴韦林颗粒、复方鱼腥草颗粒等抗病毒药物。注意多喝水及保暖。
内科,孩子只流鼻涕，这算是感冒吗？,无,根据你说的症状考虑是属于病毒引起感冒表现，治疗应该抗病毒，可以服用小儿氨黄那敏颗粒，利巴韦林，多喝水，饮食以清淡为主。
外科,新生儿室温应保持在多少度,无,一般22到25度比较好，室内外温差不要太大，否则孩子容易感冒的，平时多注意通风，不用直吹宝宝，如果你家是双层玻璃，可以采用侧开窗的形式。
内科,宝宝感冒期能不能吃鱼肝油？,无,在感冒期间是不能使用的。同时要均衡营养多吃新鲜蔬菜水果多喝水忌辛辣食物，补充多种维生素增强抵抗力早康复。
内科,六个多月的宝宝感冒只流清鼻涕吃什么药？,无,孩子的症状就是轻微的感冒引起的症状，建议及时的口服扑尔敏，维生素C治疗。同时要均衡营养多吃新鲜蔬菜水果多喝水忌辛辣食物，补充多种维生素增强抵抗力早康复。
营养保健科,十个月的宝宝怎么提高抵抗力？,无,你好，孩子吃牛初乳，是可以增强抵抗力的！是可以预防感冒的！意见建议：建议你，可以做，注意营养的补充和注意补钙做对症治疗，可以做口服牛初乳，或者是三精钙做对症治疗。
内科,宝宝经常打喷涕是怎么回事？,无,应该是孩子有些感冒的，偶尔的是不要紧的，检查一下孩子鼻腔看是否有鼻屎。要给孩子清洁一下的，再一个室内要常通通风的，给孩子多喝点水吧。
内科,宝宝六个月感冒咳嗽可以吃要吗，喝姜水有问题吗,无,宝宝感冒咳嗽肯定是要吃药的，姜水只是辅助治疗的作用，可以给宝宝多喝水，适当用消炎药。建议可以给宝宝吃点阿奇酶素，注意给宝宝清淡饮食，加强保暖，如果温度过高要及时用退烧药。
内科,宝宝感冒好了以后，有点拉肚子怎么办,无,宝宝腹泻引起的症状就是有病毒感染后引起的症状，发热腹泻腹痛等症状主要是减少脱水的出现的，建议及时的对症治疗口服补液盐的方法治疗。
内科,宝宝感冒刚好可以打疫苗吗？,无,不能打，本来疫苗都是一些活病毒，宝宝感冒本来身体抵抗力差，再打疫苗有可能会加重病情的，只要宝宝有任何不舒服的话都不能打疫苗，可以往后推的！
内科,孩子感冒后半夜咳嗽怎么办？,无,您好，孩子感冒咳嗽的现象，要给孩子多喝水的，需要给孩子服用点感冒的药物治疗的指导意见：可以给孩子用点头孢消炎治疗的，再一个也要用点小儿感冒颗粒和小儿桔梗止咳糖浆治疗的。
内科,宝宝感冒咳嗽流鼻涕吃什么药好的快呢？,无,你好，根据你的咨询考虑还是感冒引起的症状。需要检查是不是有呼吸道感染。需要对症治疗，一般情况下服用药物护彤颗粒或者小快克。另外服用头孢菌素抗生素和鲜竹沥口服液。需要多喝白开水。这个不需要担心。
营养保健科,九个月大的宝宝体温反复怎么办？,无,宝宝可能是发烧感冒的表现的，可以给宝宝多喝水，适当用消炎药。建议可以给宝宝吃点阿奇酶素，注意给宝宝清淡饮食，加强保暖，如果温度过高要及时用退烧药。
外科,小孩3岁晚上睡觉总是说肚子痛应该吃什么药,无,"您好，小儿腹痛这个原因很多,常见的有感冒,肠炎消化不良寄生虫感染等,建议你到医院检查清楚.尤其是是否是有肠系膜淋巴结肿大发炎的可能和胃炎的可能.注意防止感冒和注意避免吃生冷食物和辛辣食物,急性期抗炎治疗和适当使用解痉的药物.另外加上藿香冲剂试试."
内科,婴儿乙肝疫苗第二针可以推迟多长时间,无,"你好，那也是有效果的,一般是感冒和拉肚子期间是不可以打疫苗的。只能是推迟时间。推迟一个月，第三针还是要照常打疫苗的。"
内科,小孩感冒咳嗽吃什么药好?,无,对剧烈干咳的患儿，可在短时间内应用止咳药物。对咳嗽、痰多而粘稠又不易咳出的患儿，应选用化痰止咳药，稀释痰液，帮助排痰。同时，保证患儿有足够的水分补充。
内科,四个月的宝宝发烧怎么办?,无,你好，考虑为感冒的可能，通常有咳嗽、咳痰、发烧的情况，所测量的体温不需加0.5度，超过37度就是发烧，可以采用小儿氨酚黄那敏颗粒治疗，多喝开水，注意保暖很重要，必要时可以采用输液进行治疗的。
内科,小孩反复咳嗽怎么办,无,你好，考虑为感冒的可能，通常有咳嗽、咳痰、发烧的情况，所测量的体温不需加0.5度，超过37度就是发烧，可以采用小儿氨酚黄那敏颗粒治疗，多喝开水，注意保暖很重要，必要时可以采用输液进行治疗的。
内科,"宝宝37.7度,算发烧吗?",无,你好，考虑为感冒的可能，通常有咳嗽、咳痰、发烧的情况，所测量的体温不需加0.5度，超过37度就是发烧，可以采用小儿氨酚黄那敏颗粒治疗，多喝开水，注意保暖很重要，必要时可以采用输液进行治疗的。
内科,宝宝胃肠感冒吃什么药,无,"治疗胃肠型感冒,可用抗病毒药,如吗啉胍,病毒唑,板蓝根冲剂等.注意不要盲目使用抗菌药,因为非但无效,反而导致肠道正常菌群紊乱,会加重病情,延长病程.另外,可联用思密达与口服补液盐（ORS）,效果较好,可迅速解除症状并缩短病程."
内科,小儿消化不良,我想咨询下，我家孩子1岁半了，最近有点感冒，带他到医院看了下，验血白细胞不高，有点咳嗽。肺没事。但回来后偶尔也有咳嗽，尤其晚上吃奶的时候咳嗽完就干呕。今天该吐了，前几天也是相同的症状吐过一次，夜里翻身也咳嗽干呕，想问下是消化不良吗,根据你说的症状考虑是属于脾胃虚弱，消化不良导致引起的表现，治疗应该健脾和胃，消食导滞，可以服用香砂六君子汤加减，饮食以清淡为主，多以消化食物为主。
内科,宝宝流鼻涕打喷嚏怎么办,无,如感冒症状较重，可以给宝宝用一些治疗小儿感冒的中成药，如小儿感冒冲剂、板蓝根冲剂、利巴韦林颗粒、小柴胡颗粒等。如服药后症状得不到缓解，并有加重的趋势时，应及时看医生。
内科,11个月宝宝发烧39度,无,宝宝出现高烧，可能是受凉引起的感冒，一般是病毒性感染，要注意保暖，多喝水，不吃辛辣刺激性食物，原则上先降温，可以吃点恬倩，不退时打下退烧针。
营养保健科,医生你好，男孩子十岁有过敏性鼻炎有时会流鼻血,出生时有黄胆从那时开始到五岁咳嗽感冒等每个月都有吃药吊针免不了，现现他有些时候自己想吐就会吐的、手指甲和脚趾甲也长得很慢又没光泽请问这在有缺铁性贫血和过敏性鼻炎有时候会流鼻血；有时候吃了饭会吐；我也发些问题需要注意哪些方面的东西,你好，治疗的方法多种多样，对症治疗才是关键，找到疾病的根本原因，就可以对症治疗，可以采取微波来治疗，是可以治疗康复的。
内科,七岁孩子隔一周感冒一次,咳嗽或发烧隔一周就一次,根据你说的症状考虑是属于免疫力低下导致引起病毒入侵引起感冒表现，治疗应该提高免疫力，可以服用白蛋白，板蓝根颗粒预防多喝水，饮食以清淡为主，多运动锻炼。
营养保健科,75天宝宝大反奶拉肚子 ，怎么办？,宝宝是吃奶粉的，昨晚开始吃奶的时候咿呀的叫，凌晨3点左右大反奶，之后吃奶就是吃一点点的，之后肚子咕噜噜的叫，放屁，拉了好几次大便，放屁也会带点大便，大便的颜色稀度都是正常的,出现吃奶时呕奶及拉稀，可能是受凉引起的胃肠型感冒，要多喝温开水，注意保暖，可以吃点思密达及妈咪爱的，奶粉不宜泡太浓的，如果拉的次数多，还可以喂点口服补液盐的。
内科,"孩子一岁半了,最近老是流鼻涕,怎么办?",无,根据你说的症状考虑是属于病毒引起感冒表现，治疗应该抗病毒可以服用小儿氨黄那敏颗粒，利巴韦林，多喝水治疗看看。
内科,12岁孩子胃胀吃不下去饭,咳嗽15天发烧感冒,根据你说的症状考虑是属于脾胃虚弱，消化不良导致胃胀表现，治疗应该健脾和胃消食导滞理气建议服用香砂六君子汤加减，保持心情舒畅。
 患者男，6岁，以前健康。前5天患感冒，发热，嗓子红肿，口服小儿安分黄那敏颗粒，头孢颗粒，双黄连口服液，三天后退热。又连续口服两天夜里烦躁，手足抽搐。",你好，看症状不是药物过敏，如果药物过敏口服第一次就会出现过敏反应的，所以建议检查有没有发烧，是不是发烧，缺钙等引起的。
神经内科,面瘫后遗症治疗,发病1年 左嘴角发皱    河北省中医院,应当适当休息，面瘫的护理需注意面部的持续保暖。外出时可戴口罩，睡眠时勿靠近窗边，以免再受风寒。面瘫患者要注意不能用冷水洗脸，避免直吹冷风，注意天气变化，及时添加衣物防止感冒。
内科,宝宝发烧了，不知道金蝉口服液治什么病,无,你好，考虑为感冒的可能，通常有咳嗽、咳痰、发烧的情况，所测量的体温不需加0.5度，超过37度就是发烧，可以采用小儿氨酚黄那敏颗粒治疗，多喝开水，注意保暖很重要，必要时可以采用输液进行治疗的。
内科,小孩感冒咳嗽吃什么药好？,无,可以给孩子喂服麻甘颗粒，清竹沥口服液试试，如果血象高的话需要配合抗生素治疗的，阿奇霉素分散片效果不错的，让宝宝多喝水，注意室内经常通风换气，慢慢会改善的，祝宝宝健康成长
内科,为什么小孩子老流鼻涕,无,你好，据你所述，此种情况考虑是有外感风寒所致，可以服用护彤颗粒、小儿感冒灵、清开灵颗粒、头孢克肟颗粒等都是可以的，并让宝宝多喝些水，注意保暖即可好转，必要时可以到儿科详检确诊
耳鼻喉科,儿童过敏性鼻炎偏方 谁有？,无,一般和过敏，病原菌感染，长期感冒有关系的，一般可口服鼻炎康，甲硝唑，赛庚啶治疗试试，注意预防感冒和冷空气刺激为好的
营养保健科,宝宝拉肚子，有什么偏方可以治疗吗？,无,建议检查化验大便是消化不良还是肠炎。还要注意是否是有感冒导致的肠功能紊乱。如果是消化不良建议口服山麦健脾口服液，思密达等，严重看看医生，输液治疗。延长喂奶的间隔时间。让肠胃休息休息。多喂水。如果在添加辅食应该暂停添加。或减少辅食添加。好转后再循序渐进恢复
外科,宝宝11个月拉肚子怎么办？,无,"腹泻是婴儿常见的病症.婴儿消化功能不成熟,发育又快,所需的热量和营养物质多,一旦喂养不当,就容易发生腹泻.常见的腹泻原因有：1,食量过多或次数过多,加重了胃肠道的负担；2,添加辅食过急或食物品种过多,以及食用过多油腻带渣的食物,使食物不能完全被消化；3,喂养不定时,胃肠道不能形成定时分泌消化液的条件反射,致使婴儿消化功能降低等.4,由于食物或用具污染,使婴儿吃进带细菌的食物,引起胃肠道感染,婴儿患消化道以外的病(如感冒,肺炎等),也可以因消化功能紊乱而导致腹泻.5,环境温度过低,过高时,小儿也可能出现腹泻.腹泻处理注意事项：　　1）.千万不要禁食.不论何种病因的腹泻,婴儿的消化道功能虽然降低了,但仍可消化吸收部分营养素,所以吃母乳的婴儿要继续哺喂,只要婴儿想吃,就可以喂.吃牛奶的婴儿每次奶量可以减少1/3左右,奶中稍加些水.要根据婴儿口渴情况,保证喂水. 2）早期发现脱水.当婴儿腹泻严重,伴有呕吐,发烧,口渴,口唇发干,尿少或无尿,眼窝下陷,前囟下陷,婴儿在短期内“消瘦”,皮肤“发蔫”,哭而无泪,这说明已经引起脱水了,应及时将病儿送到医院去治疗.3）.预防脱水.用口服补液盐不断补充由于腹泻和呕吐所丢失的水分和盐分,脱水便不会发生 .4）不要滥用抗生素.许多轻型腹泻不用抗生素等消炎药物治疗就可自愈；或者服用妈咪爱等微生态制剂,思密达等吸附水分的药物也很快病愈,尤其秋季腹泻因病毒感染所致,应用抗生素治疗不仅无效,反而有害；细菌性痢疾或其他 细菌性腹泻,可以应用抗生素,但必须在医生指导之下治疗.5）做好家庭护理.家长应仔细观察大便的性质,颜色,次数和大便量的多少,将大便异常部分留做标本以备化验,查找腹泻的原因；要注意腹部保暖,以减少肠蠕动,可以用毛巾裹腹部或热水袋敷腹部；注意让婴儿多休息,排便后用温水清洗臀部,防止红臀发生,应把尿布清洗干净,煮沸消毒,晒干再用.现在最重要的不是吃药,而是喂养,最近您也要注意自己的饮食,不要吃过于油腻的东西,最近给宝宝多吃些清单的食品,然后拿宝宝的大便去做个大便检验比较好,再让医生对症下药!!"
外科,宝宝发烧要几天能好？,无,宝宝发烧如果是扁桃腺发炎通常需要3-5天。如果恰巧感冒发烧会迫使孩子启动自身免疫系统，未来相对不容易罹患过敏性疾病。换言之就是因祸得福。您不用着急，可以用自己的较凉的两手不断为孩子带走体温，冷毛巾虽然有一定作用。
内科,四个月宝宝咳嗽吃什么药,无,你好，小儿咳嗽关键是寻找引起咳嗽的原因．一般轻度而不频繁的咳嗽有助于排痰，痰液排出后，咳嗽往往会自然缓解，因而不必使用止咳药．剧烈而频繁的咳嗽对身体是十分有害的．对剧烈干咳的可在短时间内应用止咳药物，如可待因糖浆，以帮助止咳．对咳嗽痰多、粘稠、不易咳出的患儿，应使用止咳化痰药，如祛痰灵、泰诺感冒咳嗽糖浆
内科,孩子七个月感冒了，除了发烧什么症状都有，怎么,"14、2、11
无就诊医院",你好，根据你的叙述，宝宝是感冒引起的，可以吃点感力克，麻甘颗粒试试，注意多喂水，如果发热可以吃点布洛芬混悬剂试试，祝宝宝早日康复
内科,儿童白细胞正常值数是多少,无,"常见引起白细胞减少的原因一般有三类：一是药物，如服用解热镇痛药、磺胺类药等，此时如白细胞减少过于明显，则应停服或换药；二是病毒感染，如流行性感冒、病毒性感染等。
内科,小孩子感冒流鼻涕吃什么药好？,无,根据你说的症状考虑属于病毒引起感冒流鼻涕表现，建议抗病毒，可以服用小儿氨黄那敏颗粒，利巴韦林，多喝水。饮食以清淡为主，忌辛辣刺激食物。
外科,秋季小孩要如何预防感冒?,无,天气由暖变冷，不要急于给孩子添加衣服。天气一天比一天冷，加上后就不好减掉了，只能是越加越多。最好的办法是：您与孩子穿一样厚薄的衣服，您静坐时不感到冷，孩子就不会冷。要知道，孩子虽没有大人耐寒，但他始终是在运动状态。即使是睡着了，也不要盖得太多。
内科,6岁儿童发烧怎么办,无,你好，考虑为感冒的可能，通常有咳嗽、咳痰、发烧的情况，所测量的体温不需加0.5度，超过37度就是发烧，可以采用小儿氨酚黄那敏颗粒治疗，多喝开水，注意保暖很重要，必要时可以采用输液进行治疗的。
内科,小孩感冒流鼻涕有什么食疗方法？,无,这种情况属于幼儿上呼吸道感染，由于感冒期间胃肠道消化功能降低，因此建议减少饮食量，减轻胃肠道负担，有利于恢复。按照现在的季节判断，应该是肠道病毒感染引起，建议以抗病毒和支持疗法治疗，同时控制进食，注意补充水分，必要时静脉输液补充水分，吐泻严重者注意电解质紊乱，幼儿有精神萎靡嗜睡，需要就医做血液离子生化检查，对症补充缺乏的电解质，不可贸然应用止泻药，会导致病毒毒素入血，形成毒血症。
内科,宝宝感冒后咳嗽怎么办？,无,你好，这种情况应该是支气管炎，建议服用止咳药物清竹沥口服液配合阿奇等抗菌药物治疗看。不要吃辛辣食物，注意多喝水，慢慢会改善的，祝早日康复
营养保健科,宝宝缺锌怎么补？,无,缺锌导致的症状会有发育迟缓，容易感冒等，及时的口服葡萄糖酸锌的方法治疗的。同时要均衡营养多吃新鲜蔬菜水果早康复。
营养保健科,宝宝拉肚子，肚子咕咕叫怎么办,无,"建议检查化验大便是消化不良还是肠炎. 还要注意是否是有感冒导致的肠功能紊乱.如果是消化不良建议口服助消化药物,严重看看医生"
外科,小儿夜里哭闹,无,"要注意是否是有饥饿和肚子痛,消化不良肚子胀的可能和是否是有口干等.还要注意是否是有感冒和口腔溃疡,缺钙和腋下皮肤是否是有异常等,小孩睡觉做梦也会的啊.另外如果母乳不足有可能导致容易醒睡眠不好.找到原因针对性地治疗."
营养保健科,四个月大的宝宝便秘，怎么办？,无,你好，考虑为便秘，可以采用多喝开水的方法，必要时采用小儿开塞露进行治疗。有感冒的症状需同时治疗，服用小儿速效伤风颗粒效果较好，注意保暖。
内科,小孩感冒吃什么药好呢,无,建议口服抗病毒药物和感冒冲剂试试.有炎症还是应该加上抗生素。口服药物不见效的，建议输液抗炎治疗为好。 因为还是输液血药浓度更高见效更快更好啊。在当地医生指导下使用。有痰的加上鲜竹沥口服试试。
内科,一个月的婴儿感冒怎么办,无,建议口服抗病毒药物和感冒冲剂试试.有炎症还是应该加上抗生素。口服药物不见效的，建议输液治疗为好。在当地医生指导下使用。
外科,氨溴特罗口服溶液小孩用好吗?,无,对于小儿咳嗽，关键是寻找引起咳嗽的原因．一般轻度而不频繁的咳嗽有助于排痰，痰液排出后，咳嗽往往会自然缓解，因而不必使用止咳药．剧烈而频繁的咳嗽对身体是十分有害的．对剧烈干咳的可在短时间内应用止咳药物，如可待因糖浆，以帮助止咳．对咳嗽痰多、粘稠、不易咳出的患儿，应使用止咳化痰药，如祛痰灵、泰诺感冒咳嗽糖浆，同时注意保证患儿有足够的水分摄入，使痰液稀释，有助于痰液的排出。
内科,1岁半的孩子感冒药应该选用什么药？,无,你好，考虑为感冒的可能，通常有咳嗽、咳痰、发烧的情况，所测量的体温不需加0.5度，超过37度就是发烧，可以采用小儿氨酚黄那敏颗粒治疗，多喝开水，注意保暖很重要，必要时可以采用输液进行治疗的。
神经内科,11个月宝宝病毒感染发烧该吃什么药呢？,无,你好，考虑为感冒的可能，通常有咳嗽、咳痰、发烧的情况，所测量的体温不需加0.5度，超过37度就是发烧，可以采用小儿氨酚黄那敏颗粒治疗，多喝开水，注意保暖很重要，必要时可以采用输液进行治疗的。
内科,小儿感冒发烧用艾畅小儿伪麻美芬滴剂可以吗,无,"你好,艾畅用于婴幼儿由感冒、枯草热或其他上呼吸道过敏引起的鼻塞、流涕、咳嗽等症状的对症治疗,是可以给宝宝口服的"
内科,2岁孩子感冒能喝姜汤吗,无,你好，根据你的描述，这种情况考虑不可以，要知道宝宝的肠胃很脆弱的，不能刺激的，如果不咳嗽，可以让他多喝水，如果咳嗽可以喝糖浆即可。
新生儿科,两个月的宝宝有点流鼻涕怎么办？,无,"你好，幼儿可能是接受了冷空气,会因为敏感而流鼻涕,如早上流鼻涕或鼻塞,常由过敏引起,这种鼻涕是清水样的,但伤风感冒也会流鼻涕,如果是黄色的,则可能感染了病毒.指导意见：普通感冒服用桑桔感冒片,小儿感冒冲剂,板兰根冲剂,银翘解毒,六神丸,维生素C等就可以了"
内科,孩子感冒咳嗽如何治疗,无,您好，咳嗽引起的症状就是有炎症刺激和过敏等疾病引起的症状及时的口服抗生素和止咳药物治疗口服，小儿咳喘灵，头孢氨苄治疗，多喝水均衡营养。
内科,冬季儿童如何预防感冒？,无,你好，考虑为感冒的可能，通常有咳嗽、咳痰、发烧的情况，所测量的体温不需加0.5度，超过37度就是发烧，可以采用小儿氨酚黄那敏颗粒治疗，多喝开水，注意保暖很重要，必要时可以采用输液进行治疗的。
内科,宝宝发烧38度怎么办，宝宝一岁多,无,你好，考虑为感冒的可能，通常有咳嗽、咳痰、发烧的情况，所测量的体温不需加0.5度，超过37度就是发烧，可以采用小儿氨酚黄那敏颗粒治疗，多喝开水，注意保暖很重要，必要时可以采用输液进行治疗的。
内科,宝宝夜间发烧,无,你好，孩子的症状多考虑是有外感风寒的可能，如果体温过高的话，建议你可以给宝宝服用护彤和美林口服液退热感冒药治疗，如果出现高烧的话可以采取物理降温。如果效果不佳的话，速到儿科详检就诊即可。
新生儿科,新生儿流鼻涕,无,你好，考虑为感冒的可能，通常有咳嗽、咳痰、发烧的情况，所测量的体温不需加0.5度，超过37度就是发烧，可以采用小儿氨酚黄那敏颗粒治疗，多喝开水，注意保暖很重要，必要时可以采用输液进行治疗的。
营养保健科,儿童如何增强免疫力,无,建议你增加孩子饮食中蛋白质的食用量，如鸡蛋瘦肉等，同时建议你增加预防孩子的感冒，让孩子多做户外运动，流感高发期少到人多的地方去。
耳鼻喉科,两个月小孩鼻子不通气怎么办！！,无,您好，孩子的症状考虑是受凉引起的或病毒性感冒。建议多喝水和保暖，可以喂服小儿氨酚黄那敏颗粒对症治疗。注意观察体温。
营养保健科,儿童缺钙的表现有哪些？,无,孩子缺钙的症状一般有：厌食、偏食、龋齿、多汗、夜啼；不易入睡、易惊醒、易感冒、抵抗力下降；头发稀疏、生发迟、枕部脱发、气色不好、智力发育迟缓、学步晚、出牙晚或出牙不整齐、阵发性腹痛腹泻、X或O型腿.
耳鼻喉科,儿童疱疹性咽炎,无,小儿疱疹性咽峡炎是柯萨奇A组病毒所致，好发于夏秋季，为常见的一种病毒性咽炎。常继发于急性鼻炎、肺炎、流行性感冒、疟疾、流行性脑膜炎，亦可单独发生，除咽部外，口腔粘膜亦可发生疱疹。
内科,8月大的宝宝前些天感冒发烧，现在又咳嗽。晚上,无,"首先你得给他退烧,有时候发烧可能引起咳嗽,严重的会支气管感染甚至F炎,我儿子就是一岁的时候感冒引起支气管感染,那时咳的还不是很厉害"
耳鼻喉科,宝宝鼻子不通气偏方,无,感冒多由伤风伤寒而起，给宝宝吃点红糖姜葱汤，吃后捂上被子小小的发一点汗最好，注意生姜要多放一点，以不太辣为度，葱只要葱白部分，放两三段即可，每段两三寸，同时最好再吃一点疏风感冒丸，就用红糖姜葱汤下着一起喝，味道好吃，效果也好，我家小孩及大人用这个方法多次，效果很好。
内科,宝宝打喷嚏，流鼻涕怎么办,无,建议你可以使用感冒清热颗粒加小儿氨咖黄敏或小儿氨酚烷胺来治疗，感冒清热颗粒有疏风散寒的作用，小儿氨咖黄敏或小儿氨酚烷胺则可以对症改善感冒症状
内科,1岁宝宝咳嗽，流鼻涕怎么办,无,建议你最好是先给孩子服用几天的护彤和小儿阿莫西林颗粒和小儿化痰止咳颗粒给孩子治疗效果是比较好的，这样孩子的感冒症状慢慢就会好的
营养保健科,婴儿几天不解大便,无,你好，考虑为便秘，可以采用多喝开水的方法，必要时采用小儿开塞露进行治疗。有感冒的症状需同时治疗，服用小儿速效伤风颗粒效果较好，注意保暖。
耳鼻喉科,一岁宝宝鼻塞吃什么药好,无,个是可能和感冒或鼻炎有关系的，首先要保暖，避免受凉的，同时吃一些小快克，阿莫西林，看看的，不好转可以吃一些鼻炎康的。
营养保健科,小儿感冒清热颗粒一岁宝宝可以吃么？,无,针对小儿感冒清热颗粒这个问题一定要重视。关于小儿感冒清热颗粒的问题，分析如下：可以吃。记得同时给宝宝多喝温开水。如果是头次用这种药，每次给三分之一袋，每天两次，可以降低宝宝的抗药性。
营养保健科,宝宝不大便怎么办,无,你好，考虑为便秘，可以采用多喝开水的方法，必要时采用小儿开塞露进行治疗。有感冒的症状需同时治疗，服用小儿速效伤风颗粒效果较好，注意保暖。
内科,小儿10周岁，光呕吐不拉稀，肚子痛。,无,考虑为胃肠道功能紊乱的存在，多由于受凉、饮食不洁、感冒等导致的，患者可有不同程度的腹胀、腹痛、肠鸣音亢进、恶心、呕吐等，建议积极治疗与预防。
外科,小孩颈部淋巴结肿大输了4天先锋七还是不太显小,无,如果近期有感冒，咽喉炎，扁桃体炎或其它急慢性感染性疾病，会发生颈部淋巴结肿大，触痛，甚至淋巴结化脓，需行抗感染治疗。
内科,怎样治疗小儿咳嗽，有什么好的食疗方子最好，谢,无,"生姜 红糖 大蒜 孩子患了风寒感冒,喝温热的生姜红糖水能起到很好的治疗作用,如果孩子同时还伴有咳嗽,可在生姜红糖水里再加2～3瓣大蒜"
耳鼻喉科,如何清理宝宝的鼻屎,无,你好，考虑为感冒的可能，通常有咳嗽、咳痰、发烧的情况，所测量的体温不需加0.5度，超过37度就是发烧，可以采用小儿氨酚黄那敏颗粒治疗，多喝开水，注意保暖很重要，必要时可以采用输液进行治疗的。
内科,5个月大的宝宝咳嗽有痰该怎么办,无,这种情况有可能是感冒引起了呼吸道感染，可以用感冒药，配合口服消炎药和止咳化痰药物治疗试试，一定要坚持按时用药，必要时，也可以考虑输液治疗，多喝水，注意保暖和复查即可
外科,两个月的婴儿大便带有血丝是怎么回事？感谢大家,无,你好，考虑为便秘，可以采用多喝开水的方法，必要时采用小儿开塞露进行治疗。有感冒的症状需同时治疗，服用小儿速效伤风颗粒效果较好，注意保暖。
内科,小孩发烧物理降温有哪些方法？,无,你好，考虑为感冒的可能，通常有咳嗽、咳痰、发烧的情况，所测量的体温不需加0.5度，超过37度就是发烧，可以采用小儿氨酚黄那敏颗粒治疗，多喝开水，注意保暖很重要，必要时可以采用输液进行治疗的。
营养保健科,请问谁家宝宝吃过香港宝和堂的猴枣散的？,无,2岁以下的宝宝每年感冒，肺炎，的次数超过10次就可以诊断反复呼吸道感染，南京儿童医院用的是一个博尔腾乳铁蛋白辅助治疗儿童反复呼吸道感染
新生儿科,新生儿支气管炎,无,新生儿支气管炎系指支气管发生炎症，小儿毛细支气管炎的病变主要发生在肺部的细小支气管，也就是毛细支气管，所以病名为“毛细支气管炎”，通常是由普通感冒，流行性感冒等病毒性感染引起的并发症，也可能由细菌感染所致，是小儿常见的一种急性上呼吸道感染。新生儿气管炎症状一般主要会发生呛奶、气急、紫绀、反应差等等症状的发生，特别是在吃奶的时候更为明显。
营养保健科,新生儿腹泻的原因是什么啊？为什么会腹泻呢？,无,新生儿腹泻原因主要是：1、免疫功能差。由于自身的抵抗力弱，当肠道受到感染时，很容易患感染性腹泻。2、积食。给宝宝喂食太浓，奶粉不适应宝宝的体质，奶液过凉，奶粉中加糖或过早添加米糊等淀粉类食物。3、过敏。有的宝宝对奶粉蛋白质过敏，特别是有遗传过敏体质的宝宝，容易产生过敏性腹泻。4、感冒。宝宝患感冒常伴有腹泻症状。5、病毒或细菌感染。这种腹泻是常见的，其中最常见的是肠道轮状病毒感染。
内科,四岁孩子感冒后咳嗽老不好,无,孩子主要是感冒后导致支气管炎的表现，建议给孩子静脉点滴头孢呋辛钠积极消炎治疗，吃鱼腥草颗粒清热解毒治疗，吃复方鲜竹沥液止咳治疗，同时雾化吸入疗法，
新生儿科,请求专家回答疫苗产生什么问题,"请问下医生，打进口疫苗产生哪些不良状况？ 我的宝宝打了第二针育苗 ，我的宝宝出现呕吐，都吐出血来了，数次多，吃奶吃的少了，请问是不是感冒了，打育苗的原因， 请问这是不是打疫苗产生的反映啊？？？
",你家宝宝这是疫苗的不良反应引起的情况的。建议可以去医院就诊的，症状比较严重的，不宜拖延了的。下次感冒了不宜接种疫苗的。
内科,宝宝六个半月，呛水后第二天偶尔咳嗽，没有其他,宝宝六个半月，呛水后第二天偶尔咳嗽，没有其他感冒症状，抽血血象高，是呛水到气管了吗？该怎么用药？,你好，考虑为感冒的可能，通常有咳嗽、咳痰、发烧的情况，所测量的体温不需加0.5度，超过37度就是发烧，可以采用小儿氨酚黄那敏颗粒治疗，多喝开水，注意保暖很重要，必要时可以采用输液进行治疗的。
内科,我的小孩三岁了，只会叫爸爸妈妈，动不动就感冒,二零一二年五月，感冒、发烧成肺炎，就诊当地县医院。,宝宝这是身体的抵抗力低下引起的情况的，可以用点转移因子口服液的。可以增强机体的抵抗力的。可以减少疾病的复发的。
耳鼻喉科,小孩晚上睡觉鼻子不通气,无,宝宝这是风热感冒引起的情况的，治疗可以用点板蓝根颗粒治疗的，效果很好的，可以试试的，少吃辛辣的食物的比较好的。
新生儿科,新生儿出生11天感冒肺炎严重吗,无,小儿肺炎是小儿时期的常见病和多发病，尤其多见于婴幼儿。由于小儿肺部细支气管和肺泡发炎，引起充血水肿，影响了肺部的氧气交换，导致体内缺氧，诱发心衰等。
内科,宝宝感冒老不好会怎么样,无,你好，分析上述情况宝宝多是由于病毒性的感冒引起的上述症状，建议积极的服用药物和对症治疗很快就会好转的，不必过于担心。按上述情况建议积极的给宝宝口服小块克.小儿咳喘灵颗粒.头孢克唔颗粒.利巴韦林颗粒等药物一块治疗，同时注意多补充水分，避免吃生冷辛辣刺激容易上火的食物，保持大便通畅
内科,五岁的孩子感冒发烧后一直有鼻涕怎么办,无,发烧是常见现象，一般是由感冒引起的，由于体温调节中枢发育还不完善，所以很容易受外界影响而引起体温波动。一般建议不超过38度，是不需要服用退烧药的，可以以物理降温为主，酒精擦身，温水擦洗脸部，额头。超过38度，一般可以服用布洛芬混悬剂或者萘普生
营养保健科,宝宝发烧了还一直要吃奶，这可怎么办,无,孩子发烧是常见现象，一般是由感冒引起的，由于孩子体温调节中枢发育还不完善，所以很容易受外界影响而引起体温波动。一般建议不超过38度，是不需要服用退烧药的，可以以物理降温为主，酒精擦身，温水擦洗脸部，额头。超过38度，一般可以服用布洛芬混悬剂或者萘普生
内科,六个月宝宝感冒咳嗽能吃鸡蛋吗,无,宝宝感冒咳嗽是可以吃鸡蛋的，注意要少吃为好的，同时要选择易消化的食物为好的，有利于孩子的吸收，健康的成长。
耳鼻喉科,小孩鼻塞怎么治?,无,根据你说的症状考虑是属于病毒引起感冒表现，可以抗病毒，服用小儿氨黄那敏颗粒，利巴韦林，多喝水治疗看看，注意观察病情。
内科,孩子一岁多了感冒不想打针，怎样才能让她抵抗力,无,您可以试试姜糖饮，配方：生姜10克，红糖15克。制法：生姜切丝，以沸水冲泡，加盖约5分钟，再调入红糖。功效：疏散风寒，和胃健中。用法：每日1次，趁热顿服。服后盖被睡卧取汗。
耳鼻喉科,孩子冬天总是留鼻涕怎么回事,无,"你好,你说的孩子这种流鼻涕的现象考虑孩子还是跟天气变冷有一定的关系的,在一个原因就是感冒导致的.建议你最好是先给孩子服用几天的护彤治疗是比较好的,这样孩子流鼻涕的症状慢慢就会好转的,治疗期间建议你最好是多注意给孩子保暖,"
耳鼻喉科,小孩儿得鼻炎好治疗吗,无,你好，宝宝有过敏性鼻炎症状，有可能是感冒造成的并发症，可以应用小儿鼻炎颗粒等药物治疗看，配合氯雷他定等抗过敏药物治疗。
内科,宝宝六个月感冒，艾畅和施保利通一起吃吗,无,您好，是可以一起使用的，咳嗽引起的原因一般和气管炎，咽喉炎支原体感染等原因引起的咳嗽的症状，一般是需要检查一下确诊在针对性的治疗的，建议及时的口服阿奇霉素，克咳敏，等药物缓解咳嗽的症状，早康复。
内科,小孩为什么上幼儿园就感冒怎么预防,无,引起的原因一般和气管炎，咽喉炎支原体感染等原因引起的咳嗽的症状，一般是需要检查一下确诊在针对性的治疗的，建议及时的口服阿奇霉素，克咳敏，等药物缓解咳嗽的症状，早康复。
耳鼻喉科,孩子45天鼻子不通气怎么办,无,鼻塞的原因很多，除受热、受凉、接触了感冒病人、鼻外伤会引起鼻塞外，过度劳累、营养不良、烟酒过多、内分泌失调、全身疾病均可以影响新陈代谢而引起鼻塞。这种情况建议结合当地临床医生和自身状态积极对症治疗，不要盲目的用药治疗
耳鼻喉科,宝宝流鼻水不止怎么办,无,你好，建议服用小儿氨酚黄那敏颗粒(护彤)。本药适用于缓解儿童普通感冒及流行性感冒引起的发热、头痛、四肢酸痛、打喷嚏、流鼻涕、鼻塞、咽痛等症状。儿童必须在成人的监护下使用。
外科,宝宝手指关节发黄正常吗宝宝室间隔缺损可以吃补,无,你好，这个情况属于心脏病，也是常见的情况，一般大于3MM就有明显的症状，活动时明显，可以采用手术进行修补治疗，现在技术较好，不必担心，术后注意局部的卫生是很重要的，预防发生感冒的情况。
外科,宝宝十五个月，打喷嚏，流黄鼻涕怎么办？,无,你好，这种情况啊，是感冒了，需要积极治疗，我建议是可以服用小儿宝泰康颗粒配合利巴韦林颗粒来进行治疗试试的，另外注意多喝水，保暖。避免受凉即可。
外科,春季小儿发烧怎么办,无,你好，春季因为小孩容易感冒，容易上火，所以容易引起发烧的，建议口服萘普生治疗，多饮水，一般的可以治愈的。
内科,宝宝为什么白天发烧37度晚上39度反复烧呢,无,你好，根据你的叙述，考虑是扁桃体发炎引起的，如果扁桃体炎发作的话，可以先抗炎治疗试试，如果扁桃体炎反复发作的话，就要考虑手术切除了，注意术后护理，预防感染为好的，注意多喝水，避免感冒为好的，祝孩子健康成长
内科,35天新生儿咳嗽5天该吃什么药,无,引起咳嗽有很多种原因，应该先确诊宝宝咳嗽的原因。看宝宝到底是感冒，肺部有炎症还是对某种物质过敏。对症下药才有效果。给宝宝煮点冰糖梨水喝喝，如果实在严重还是到医院去检查下在医生的指导下用药比较安全。
内科,四个月宝宝鼻塞打喷嚏怎么办,无,宝宝感冒流涕，就买小儿氨氛黄那敏颗粒，这么小的孩子就每次吃三分之一包就行了。至于咳嗽的话，买愈美颗粒也是每次吃三分之一包，一日三次。以前我女儿这样的时候，吃这种药，效果还挺好的。
神经内科,九岁孩子头疼 是怎么回事,无,考虑是孩子感冒发热期，应给宝宝准备一些流质食物，以易消化、含高维生素C和A的食物为佳，食疗可以一定程度缓解小儿感冒症状；居室要尽量保持安静，注意通风，禁烟，温度和湿度宜恒定，药物可在医生指导下服用布洛芬颗粒。
内科,四岁宝宝鼻子囔,一周了，鼻子囔，睡觉呼吸重，像是打呼噜，用嘴呼吸。白天好点,考虑为鼻炎引起的可能，表现为鼻塞、打喷嚏、有时会表现为头痛的情况，可以采用鼻炎康片或千柏鼻炎片进行治疗，同时注意保暖预防发生感冒的情况，不吃辛辣刺激性的食物很重要。
内科,宝宝感冒发烧血象高怎么回事,无,你好，血象是指白细胞和中性粒细胞的数值。血象高一般是指血常规白细胞计数中超出正常范围，很多原因可引起白细胞计数增高，如感染、外伤、血液病等等。
营养保健科,吃了复方氨酚烷胺片隔多久可以给婴儿喂奶,无,一般哺乳期吃这类的感冒药物要慎用，由于感冒药物可以通过乳汁进入孩子的体内，所以吃了感冒的药物，最好是先不要给宝宝哺乳，停药3-4天以后在给孩子哺乳，这样比较安全
内科,春天怎样预防宝宝感冒,无,建议您多给宝宝喝水，多吃些含钙铁锌等微量元素的食物，增加宝宝的户外运动，不要让宝宝在人多的地方，不要让宝宝冷热交换太频繁就好。
内科,"小婴儿咳嗽,鼻子囔囔的怎么办",无,宝宝应该是受凉感冒，可以喂服点感力克，麻甘颗粒试试，另外化验一下血象。如果血象较高，需要抗生素治疗，阿奇霉素效果不错的，让宝宝多喝水，发热的话可以配合布洛芬混悬剂口服，祝宝宝早日康复
内科,一岁婴儿感冒鼻塞怎么办,无,你好，考虑为感冒的可能，通常有咳嗽、咳痰、发烧的情况，所测量的体温不需加0.5度，超过37度就是发烧，可以采用小儿氨酚黄那敏颗粒治疗，多喝开水，注意保暖很重要，必要时可以采用输液进行治疗的。
内科,五个月宝宝咳嗽流鼻涕有何好便方,无,你的这种情况可能是风寒感冒，风寒感冒是因风吹受凉而引起的感冒，秋冬发生较多。建议用荆防败毒散治疗。多喝水。
耳鼻喉科,六个月的宝宝喉咙里有痰呼呼的响，怎么办,无,你好，考虑为感冒的可能，通常有咳嗽、咳痰、发烧的情况，所测量的体温不需加0.5度，超过37度就是发烧，可以采用小儿氨酚黄那敏颗粒治疗，多喝开水，注意保暖很重要，必要时可以采用输液进行治疗的。
内科,儿童过敏性咳嗽怎样治疗,无,你好，一般感冒引起的咳嗽药物治疗效果不好时可以采用食疗的办法，如采用梨子炖冰糖、杏仁萝卜炖猪肺效果较好，多喝开水。
内科,"八个月宝宝发烧38,4没有感冒正状用物理疗法",无,孩子发烧是常见现象，一般是由感冒引起的，由于孩子体温调节中枢发育还不完善，所以很容易受外界影响而引起体温波动。一般建议不超过38度，是不需要服用退烧药的，可以以物理降温为主，酒精擦身，温水擦洗脸部，额头。超过38度，一般可以服用布洛芬混悬剂或者萘普生
营养保健科,宝宝40多天每天喝多少毫升水,无,婴儿每天需要大量的水分，每次喂水量约为每顿奶量的一半每两餐之间都要喂：出生第一星期30毫升；第二星期45毫升；1个月后50~60毫升；3个月时60~75毫升；4个月时70~80毫升；6个月时80~100毫升；8~12个月时100~120毫升。夏天应适当增加水量。感冒、发烧及呕吐或腹泻脱水时更应频繁饮水。
内科,小孩感冒怎样区分风寒和风热,无,"风寒型感冒：病人除了有鼻塞,喷嚏,咳嗽,头痛等一般症状外,还有畏寒,低热,无汗,流清涕,吐稀薄白色痰等特点.这种感冒与病人感受风寒有关.治疗应以辛温解表为原则.风热型感冒：病人除了有鼻塞,流涕,咳嗽,头痛等感冒的一般症状外,还有发热重,痰液粘稠呈黄色等特点.治疗应以辛凉解表为原则.病人可选用感冒退热冲剂,板蓝根冲剂,银翘解毒丸"
营养保健科,十天小孩涨肚子拉肚子怎么办,无,"建议检查化验大便是消化不良还是肠炎.还要注意是否是有感冒导致的肠功能紊乱.如果是消化不良建议口服山麦健脾口服液,思密达等,严重看看医生,"
内科,儿子发烧了怎么办,无,你好，考虑为感冒的可能，通常有咳嗽、咳痰、发烧的情况，所测量的体温不需加0.5度，超过37度就是发烧，可以采用小儿氨酚黄那敏颗粒治疗，多喝开水，注意保暖很重要，必要时可以采用输液进行治疗的。
外科,宝宝连续发烧怎么办,无,你好，考虑为感冒的可能，通常有咳嗽、咳痰、发烧的情况，所测量的体温不需加0.5度，超过37度就是发烧，可以采用小儿氨酚黄那敏颗粒治疗，多喝开水，注意保暖很重要，必要时可以采用输液进行治疗的。
内科,宝宝才一个月大，这两天有点着凉了，呼吸也不顺,无,你的这种情况可能是风寒感冒，风寒感冒是因风吹受凉而引起的感冒，秋冬发生较多。建议用荆防败毒散治疗。多喝水。
营养保健科,请问如何提高宝宝免疫力,无,建议可以先口服一些中成药改善免疫力，比如小柴 胡颗粒，芙朴感冒颗粒等，每日早晚餐后用淡盐水漱口，以清除口腔病菌，在流行的时候更应注意盐水漱口
内科,四个月的宝宝感冒流鼻涕咳嗽怎么办,无,您好，咳嗽引起的症状就是有炎症刺激和过敏等疾病引起的症状及时的口服抗生素和止咳药物治疗口服，小儿咳喘灵，头孢氨苄治疗，多喝水均衡营养。
耳鼻喉科,"宝宝4个月了今天打喷嚏,流鼻涕该怎么办",无,你好，考虑为感冒的可能，通常有咳嗽、咳痰、发烧的情况，所测量的体温不需加0.5度，超过37度就是发烧，可以采用小儿氨酚黄那敏颗粒治疗，多喝开水，注意保暖很重要，必要时可以采用输液进行治疗的。
内科,小孩三岁咳嗽，流黄鼻涕吃什么药效果好？,无,你的这种情况可能是风寒感冒咳嗽，是感受风寒所致的咳嗽。本证以咳嗽频作，痰稀色白，鼻流清涕，舌淡红白，苔薄咳嗽声重，头痛身热，甚则喘急为特征。可以用三拗汤加降气化痰的药物治疗
内科,孩子感冒流鼻涕眼泪眼睛发红怎么回事,无,你好，你描述的情况可能是风热感冒引起的，可以用双黄连口服液治疗。饮食宜清淡，不能吃辛辣刺激之品，多喝水。
外科,5岁孩子辅舒良能用多久？？？,无,你好，这种情况应该是孩子平时着凉或感冒造成的鼻炎症状。这种药物可以根据医生意见应用一个月左右观察疗效。
内科,3岁小孩，蒲地蓝消炎口服液该喝多少？,无,宝宝普通感冒一般多见于病毒感染引起指导意见：宝宝没有血常规明确细菌感染，不建议服用罗红霉素，蒲地蓝口服液可以一次5毫升，每日三次。
内科,11个月婴儿反复发烧怎么办,无,孩子发烧是常见现象，一般是由感冒引起的，由于孩子体温调节中枢发育还不完善，所以很容易受外界影响而引起体温波动。一般建议不超过38度，是不需要服用退烧药的，可以以物理降温为主，酒精擦身，温水擦洗脸部，额头。超过38度，一般可以服用布洛芬混悬剂或者萘普生
营养保健科,宝宝6个月高烧以后出急诊病愈以后一直拉肚子怎,无,你好，考虑为感冒的可能，通常有咳嗽、咳痰、发烧的情况，所测量的体温不需加0.5度，超过37度就是发烧，可以采用小儿氨酚黄那敏颗粒治疗，多喝开水，注意保暖很重要，必要时可以采用输液进行治疗的。
内科,6个月宝宝鼻塞怎么办,无,宝宝应该是受凉感冒，可以喂服点感力克，麻甘颗粒试试，让宝宝多喝水，发热的话可以配合布洛芬混悬剂口服，祝宝宝早日康复
内科,孩子发烧流鼻涕流眼泪怎么办,无,目前多是流感病毒导致的感冒，治疗以抗病毒为主，配合阿奇霉素同时应用，效果更佳，有咳嗽严重者服用化痰止咳药物如橘红痰咳冲剂，发热时以物理降温为首选，必要时服用退烧药降体温，多休息多饮水。
内科,宝宝九个月老呕吐怎么办,无,你好，考虑为感冒的可能，通常有咳嗽、咳痰、发烧的情况，所测量的体温不需加0.5度，超过37度就是发烧，可以采用小儿氨酚黄那敏颗粒治疗，多喝开水，注意保暖很重要，必要时可以采用输液进行治疗的。
内科,宝宝八个月着凉打喷嚏流鼻涕怎么办？,无,宝宝应该是受凉感冒，可以喂服点感力克，麻甘颗粒试试，另外化验一下血象。如果血象较高，需要抗生素治疗，阿奇霉素效果不错的，让宝宝多喝水，发热的话可以配合布洛芬混悬剂口服，祝宝宝早日康复
内科,怎么看 孩子嗓子是不是发红,无,"您好：你好，有少量的红是正常的，如果感冒以后会鲜红的，小儿感冒多由于受凉后机体抵抗力降低,病毒或细菌侵入人体引起不适,症状为发热/咽痛,鼻塞,咳嗽,流涕等,"
内科,一岁半宝宝扁桃体发炎持续发烧，喝水都吐嗜睡。,无,你好，根据你的叙述，如果扁桃体炎发作的话，可以先抗炎治疗试试，如果扁桃体炎反复发作的话，就要考虑手术切除了，注意术后护理，预防感染为好的，注意多喝水，避免感冒为好的，祝孩子健康成长
营养保健科,宝宝感冒可以添加辅食吗,无,"还能给宝宝加喂如蛋黄，米糊，果汁，菜汤,要少食多餐，避免加重胃肠道的负担而引起消化不良。 生活调理 (1)患儿在感冒期间要注意让其卧床休息。患儿的居室要保证空气新鲜湿润,以防空气干燥。因为尘土飞扬刺激患儿的鼻子和咽喉,可引起咳嗽。(2)患儿发病期间,要给吃清淡易消化的半流食,如稀小米粥、鸡蛋汤等,不给油腻的食品,并注意让患儿多喝水,"
耳鼻喉科,三岁小孩子喉炎如何治疗,无,孩子喉炎的症状。建议先口服抗生素的方法治疗口服阿奇霉素，维生素C治疗就可以的，一定要增强抵抗力，减少感冒。
外科,小孩刚打完预防针感冒可以吃药吗,无,你的这种情况可能是风寒感冒，风寒感冒是因风吹受凉而引起的感冒，秋冬发生较多。建议用荆防败毒散治疗。多喝水。
营养保健科,九个月宝宝缺锌什么症状,无,你好一般缺锌有食用异物，头发黄，不思饮食易感冒需要增加营养补充维生素微量元素，积极治疗，易消化易吸收饮食。
内科,孩子晚上咳嗽白天不咳嗽怎么回事、,无,你的这种情况可能是风寒感冒咳嗽，是感受风寒所致的咳嗽。本证以咳嗽频作，痰稀色白，鼻流清涕，舌淡红白，苔薄咳嗽声重，头痛身热，甚则喘急为特征。可以用三拗汤加降气化痰的药物治疗
营养保健科,为什么小孩总是张嘴睡觉，,无,"不知道您的宝宝是否最近感冒导致了他的鼻子呼吸不是很顺畅呢,如果是这样的话,是很容易解释他为什么要把嘴张开了,但是如果不是这样的话,有可能是他的睡姿的关系了,你们可以给孩子有意识地给孩子调整一下睡姿的,就很有可能使他不再张嘴了,把他的睡姿调整为侧睡,这样的效果应该是很明显的,"
新生儿科,两个多月的宝宝感冒鼻塞怎么办,无,你的这种情况可能是风寒感冒，风寒感冒是因风吹受凉而引起的感冒，秋冬发生较多。建议用荆防败毒散治疗。多喝水。
营养保健科,新生儿多久才能外出晒太阳和散步?,无,新生儿一般满月以后就可以外出晒太阳的，但要选择天气好的情况下外出的意见建议：冬天要减少外出时间的。意见建议:也可以在太阳好的下午，带孩子外出转一转，但要注意保暖的，多喝点水，防止感冒就可。
营养保健科,1岁半宝宝能天天洗澡吗,无,你好，这个情况考虑是可以天天洗的，但需注意保暖预防发生感冒的情况，定期复查，发现有异常时需及时进行治疗的。
外科,如何辨别宝宝缺钙了,无,宝宝缺钙的表现有，多汗、夜啼；不易入睡、易惊醒、抵抗力下降，易感冒、头发稀疏、生发迟、枕部脱发、智力发育迟缓、学步晚、出牙晚或出牙不整齐等情况，如果出现以上症状，建议最好带宝宝去医院做个微量元素的检查才好。
内科,孩子感冒发烧后为什么老没精神，想睡觉,无,"你好,这是因为感冒吃药之后,损伤了人体的阳气,导致身体气虚,因为气虚则卫外无力,肌表不固,而易汗出；气虚则四肢肌肉失养,周身倦怠乏力；气虚则清阳不升,清窍失养而精神萎顿."
外科,宝宝感冒发烧，感冒还没好能打预防针吗？,无,你好，如果孩子感冒发烧，是不可以注射疫苗的，否则会影响免疫效果的，还会加重疫苗的副作用，引起过敏反应，可以晚几天感冒好了再注射疫苗，一般晚几天是可以的，不会影响免疫效果的，不要担心，祝宝宝健康成长
内科,4岁小孩有点低烧咳嗽不停怎么办？,无,宝宝应该是受凉感冒，可以喂服点感力克，麻甘颗粒试试，另外化验一下血象。如果血象较高，需要抗生素治疗，阿奇霉素效果不错的，让宝宝多喝水，发热的话可以配合布洛芬混悬剂口服，祝宝宝早日康复
耳鼻喉科,小孩扁桃体发炎能喝牛奶吗,无,你好，宝宝扁桃体感染应该是感冒继发造成的病变，可以应用头孢等抗菌药物治疗看，平时注意多喝水，避免刺激性食物。定期复查
营养保健科,八个月宝宝缺锌有什么症状？,无,你好，早期是没有症状的，慢慢会出现脱发或智力发育的异常，需定期复查，采用缺什么补什么的原则，注意保暖预防发生感冒的情况。
内科,3岁女宝宝流鼻涕，打喷嚏，咳嗽，吃什么药,无,你好，应该是宝宝着凉引起的感冒所致。可以根据病情应用小儿氨酚烷胺颗粒、阿莫西林等药物治疗。注意多喝水，做好保暖
营养保健科,宝宝吃消炎药拉肚子怎么办,无,这种情况考虑是宝宝感冒引起的腹泻，而不是消炎药引起的，可以服用儿泻停颗粒，能够抑制细菌清热燥湿，固肠止泻，调节肠道运动和免疫力，并可以清除自由基，吸附肠道毒素的功能。
内科,3岁宝宝量腋下体温是38.5度，需要如何,无,孩子发烧是常见现象，一般是由感冒引起的，由于孩子体温调节中枢发育还不完善，所以很容易受外界影响而引起体温波动。一般建议不超过38度，是不需要服用退烧药的，可以以物理降温为主，酒精擦身，温水擦洗脸部，额头。超过38度，一般可以服用布洛芬混悬剂或者萘普生
内科,小孩有点发烧可以吃红糖姜水吗,无,这个发热应该是暂时的不会一直持续的。喝点红糖的姜水也是可以的，这个不会导致小孩感冒的。平时让孩子注意休息，多喝白开水。
新生儿科,宝宝出生刚得十来天就感冒了可以吃七厘散吗,无,"其次给宝宝换薄的毯子等给宝宝盖,以四肢温暖宝宝不出汗为适宜.并且要注意盖住腹部. 如果着凉感冒的话可以给宝宝喝点姜糖水或葱白水,症状不缓解可以吃点风寒感冒颗粒"
耳鼻喉科,十个月的宝宝感冒流鼻涕鼻塞应该吃什么药,无,：你好，可以口服一些治疗感冒的药物比如，感冒颗粒等，搭配维c银翘片效果会比较好，另外平时积极锻炼身体，房间内多通风是预防感冒的关键所在。
内科,宝宝吃了刚打过农药的水果怎么办？,无,你好，这个情况是没有影响的，可以先观察，多喝开水有利于症状的好转，不吃辛辣刺激性食物，注意保暖预防发生感冒的情况。
神经内科,儿童发烧吃什么菜,无,建议多喝白开水，清淡饮食，少吃甜食凉食及油腻食物， 油炸食品等 ，可以吃点小米粥，馒头、青菜等 吃些易消化的食物，其他的可以不用特别限制，鸡蛋可以在感冒后食用。如果咳嗽建议不要吃猪肉。
内科,八个月宝宝不发烧，流清鼻涕怎么办,无,让宝宝多喝一点水，充足的水分能使鼻腔的分泌物稀薄一点，容易清洁。让宝宝多吃一些含维生素C丰富的水果和果汁。据说鸡汤可以减轻感冒的症状，不妨煲点鸡汤让宝宝喝上一点。尽量少吃奶制品，它可以增加粘液的分泌。对于食欲下降的宝宝，妈妈应当准备一些易消化的、色香味俱佳的食品。
新生儿科,3岁宝宝全身发热，手脚冰凉怎么办,无,宝宝可能是发烧感冒的表现的，可以给宝宝多喝水，适当用消炎药。建议可以给宝宝吃点阿奇酶素，注意给宝宝清淡饮食，加强保暖，如果温度过高要及时用退烧药
耳鼻喉科,5岁孩子鼻塞但不流鼻涕是感冒吗,无,孩子鼻塞的情况，应该是要考虑是为感冒的症状，如果没有其他的不适症状，不需要太担心。存在宝宝的这种情况，需要注意保暖，适当的多喝水，不一定就是需要药物治疗，期间要注意休息，清淡饮食等调理好吧。
内科,小宝宝感冒咳嗽可吃红薯粥吗,无,您好，咳嗽引起的症状就是有炎症刺激和过敏等疾病引起的症状及时的口服抗生素和止咳药物治疗口服，小儿咳喘灵，头孢氨苄治疗，多喝水均衡营养。红薯是可以吃的。
耳鼻喉科,宝宝一岁了，感冒鼻子不通气怎么办？,无,宝宝应该是受凉感冒，可以喂服点感力克，麻甘颗粒试试，另外化验一下血象。如果血象较高，需要抗生素治疗，阿奇霉素效果不错的，让宝宝多喝水，发热的话可以配合布洛芬混悬剂口服，祝宝宝早日康复
神经内科,孩子发烧嗓子红，反复烧，该吃什么消炎药,无,你好，根据你的叙述，如果扁桃体炎发作的话，可以先抗炎治疗试试，如果扁桃体炎反复发作的话，就要考虑手术切除了，注意术后护理，预防感染为好的，注意多喝水，避免感冒为好的，祝孩子健康成长
内科,2周岁宝宝经常咳嗽流鼻涕是什么原因？,无,一般来说感冒的早期都是病毒感染，你可以先给宝宝用点小儿感冒冲剂，还有利巴韦林颗粒，多给宝宝喝水，如果出现了咳痰的现象，再给他加用消炎的药物，如再林，头孢克洛颗粒等，注意观察宝宝，如果病情加重，最好还是上医院。
眼科,宝宝40天了眼睛老有眼屎怎么办,无,你好根据你的情况属于感染和感冒有关，需要增加营养补充维生素微量元素，保持心情舒畅注意休息抗生素抗感染治疗，营养支持治疗
内科,治疗小儿肺炎的中成药有那些,无,你好，治疗小儿肺炎病情一般可以应用小儿肺热咳喘口服液或配合阿奇霉素治疗缓解病情，注意充分休息，做好保暖，避免着凉感冒
内科,六个月的宝宝流鼻涕还有点咳嗽，怎么办？,无,感冒不及时治疗会严重的，可以给喝葵花牌小儿氨酚黄那敏颗粒，效果哦还不错哦，平时给宝宝多喝水，促进新陈代谢感冒好的就快。
耳鼻喉科,小孩咽喉发炎能不能喝汤喝什么汤好,无,你好，宝宝咽喉发炎应该是局部感染引起的，或感冒后造成的继发感染。可以应用小儿利咽颗粒、头孢抗菌药物治疗看，平时注意多喝水，避免刺激性食物
营养保健科,小孩子剧烈运动后就咳嗽是怎么回事？,无,你的这种情况可能是风寒感冒咳嗽，是感受风寒所致的咳嗽。本证以咳嗽频作，痰稀色白，鼻流清涕，舌淡红白，苔薄咳嗽声重，头痛身热，甚则喘急为特征。可以用三拗汤加降气化痰的药物治疗
耳鼻喉科,宝宝鼻塞打喷嚏怎么办,无,你的这种情况可能是风寒感冒，风寒感冒是因风吹受凉而引起的感冒，秋冬发生较多。建议用荆防败毒散治疗。多喝水。
内科,宝宝喉咙有痰，但不咳嗽是怎么回事？,无,你的这种情况可能是风寒感冒咳嗽，是感受风寒所致的咳嗽。本证以咳嗽频作，痰稀色白，鼻流清涕，舌淡红白，苔薄咳嗽声重，头痛身热，甚则喘急为特征。可以用三拗汤加降气化痰的药物治疗
内科,小儿病毒性感冒引起发烧怎么办,无,你的这种情况可能是风寒感冒，风寒感冒是因风吹受凉而引起的感冒，秋冬发生较多。建议用荆防败毒散治疗。多喝水。
外科,9个月婴儿可以用康泰克通气鼻贴吗,无,你的这种情况可能是风寒感冒，风寒感冒是因风吹受凉而引起的感冒，秋冬发生较多。建议用荆防败毒散治疗。多喝水。
内科,宝宝感冒了能不能吃羊肉,无,你的这种情况可能是风寒感冒，风寒感冒是因风吹受凉而引起的感冒，秋冬发生较多。建议用荆防败毒散治疗。多喝水。
内科,一周岁的宝宝感冒了怎么办还流鼻水,无,你的这种情况可能是风寒感冒，风寒感冒是因风吹受凉而引起的感冒，秋冬发生较多。建议用荆防败毒散治疗。多喝水。
新生儿科,三个月宝宝流鼻涕怎么办呢？,无,你的这种情况可能是风寒感冒，风寒感冒是因风吹受凉而引起的感冒，秋冬发生较多。建议用荆防败毒散治疗。多喝水。
内科,小孩咳嗽饮食方面应注意什么？,无,你的这种情况可能是风寒感冒咳嗽，是感受风寒所致的咳嗽。本证以咳嗽频作，痰稀色白，鼻流清涕，舌淡红白，苔薄咳嗽声重，头痛身热，甚则喘急为特征。可以用三拗汤加降气化痰的药物治疗
内科,孩子吃点咸东西就咳嗽，为什么会这样啊,无,你的这种情况可能是风寒感冒咳嗽，是感受风寒所致的咳嗽。本证以咳嗽频作，痰稀色白，鼻流清涕，舌淡红白，苔薄咳嗽声重，头痛身热，甚则喘急为特征。可以用三拗汤加降气化痰的药物治疗
耳鼻喉科,小儿化脓性咽喉炎发烧几天才能好,无,孩子的症状就是扁桃体炎和扁桃体肿大引起的症状，建议先口服抗生素的方法治疗口服阿奇霉素，维生素C治疗就可以的，无效时要通过手术的方法治疗，一定要增强抵抗力，减少感冒。
营养保健科,小孩感冒咳嗽流清鼻涕吃什么食物好,无,感冒是自限性疾病，即使不吃药，只要多喝水，护理周到，一周左右就可自愈。 你的情况可以对症治疗的，可以服用感冒胶囊和消炎的药物治疗的
耳鼻喉科,宝宝老是流清鼻涕怎么办？,无,孩子可能是伤风感冒所致的发热一是多喂白开水，二是服用扑热息痛泡腾颗粒，柴胡口服液治疗治疗一下，严重建议去医院检查。
内科,十四个月宝宝着凉感冒吃什么药,无,根据你说症状主要是病毒引起感冒表现，治疗应该抗病毒，可以服用小儿氨黄那敏颗粒，利巴韦林等药物治疗，多喝水。
内科,十四个月宝宝着凉感冒吃什么药,无,根据你说症状主要是病毒引起感冒表现，治疗应该抗病毒，可以服用小儿氨黄那敏颗粒，利巴韦林等药物治疗，多喝水。
内科,四岁小孩感冒咳嗽吃什么药好,无,您好，咳嗽引起的症状就是有炎症刺激和过敏等疾病引起的症状及时的口服抗生素和止咳药物治疗口服，小儿咳喘灵，头孢氨苄治疗，多喝水均衡营养。
新生儿科,孩子感冒刚好能打疫苗吗,无,"由于孩子刚感冒和腹泻初愈,身体相对虚弱,抵抗力比较差,注射疫苗接种后,产生不良反应比较重,可出现发烧,抽搐,惊厥等症状,对小孩的身体不利.建议你多调治几天,恢复正常后再进行疫苗接种."
内科,宝宝感冒了有点咳嗽，可以吃鱼肝油吗,无,你好，考虑为支气管炎，表现为咳嗽、咳痰、有时会有喘息、发热的情况，可以采用消炎药进行对症治疗，同时服用复方鲜竹沥液进行治疗效果较好，多喝开水，注意保暖有利于症状的好转。
内科,2个月的宝宝感冒发烧怎么办,无,发热引起的原因可能是病毒感染，细菌感染等原因引起的症状，要及时的物理降温的方法治疗，要均衡营养多吃吃新鲜蔬菜水果，补充多种维生素微量元素，保持情绪稳定就可以的。
内科,孩子16岁感冒发烧39度怎么办,无,感冒早期表现常见有鼻塞、咽喉疼痛、发烧等，之后常的支气管感染，严重者可有肺部感染、建议可以去医院行血常规及胸片检查，确定是细菌性还是病毒性的，另外拍胸片确定是否有肺部感染
耳鼻喉科,宝宝嗓子哑了不知道是什么原因,无,"宝宝的原因可能与声带异常有关,这个异常不是说你宝宝声带本身存在问题,而是一些原因引起的暂时性的声音嘶哑,比如说小儿急性喉炎的发生,控制声带运动的肌肉受损等情况都可能导致小儿的声嘶,仔细回忆一下孩子在最近的生活中有无喉部肌肉被压迫的情况,或者发生过感冒之类的情况."
内科,孩子感冒咳嗽可以吃党参炖骨头汤吗,无,你好，这种情况建议最好是少吃，咳嗽主要考虑是上呼吸道感染造成的，建议可以服用咳必清、罗红霉素等药物来治疗，饮食宜清淡，忌辛辣。
耳鼻喉科,6个多月宝宝流鼻涕了怎么办,无,多是由于病毒性的感冒造成的上述症状，可以适当的给宝宝口服小快克、利巴韦林颗粒、罗红霉素一块治疗，症状很快就可以得到改善
耳鼻喉科,小儿咽喉炎吃什么,无,孩子的症状就是扁桃体炎和慢性咽炎大引起的症状，建议先口服抗生素的方法治疗口服阿奇霉素，维生素C治疗就可以的，无效时要通过手术的方法治疗，一定要增强抵抗力，减少感冒。
内科,八个月的宝宝感冒引起的嗓子有痰咳嗽还有点喘怎,无,你的这种情况可能是风寒感冒咳嗽，是感受风寒所致的咳嗽。本证以咳嗽频作，痰稀色白，鼻流清涕，舌淡红白，苔薄咳嗽声重，头痛身热，甚则喘急为特征。可以用三拗汤加降气化痰的药物治疗
内科,一岁半宝宝咳嗽 呼吸的时候有呼呼的声音是肺部,无,你的这种情况可能是风寒感冒咳嗽，是感受风寒所致的咳嗽。本证以咳嗽频作，痰稀色白，鼻流清涕，舌淡红白，苔薄咳嗽声重，头痛身热，甚则喘急为特征。可以用三拗汤加降气化痰的药物治疗
内科,一岁宝宝发烧咳嗽还喘流鼻涕怎么办,无,孩子感冒发热期，应给宝宝准备一些流质食物，以易消化、含高维生素C和A的食物为佳，食疗可以一定程度缓解小儿感冒症状；居室要尽量保持安静，注意通风，禁烟，温度和湿度宜恒定，药物可在医生指导下服用布洛芬颗粒。
耳鼻喉科,9个月的宝宝声音沙哑什么原因,无,"议给宝宝口服些感冒的药物如小儿氨酚黄那敏颗粒，配合些阿莫西林颗粒及蛇胆陈皮散，保持室内合适的温度和湿度,空气新鲜.多喂水，注意保暖，祝宝宝早日康复"
内科,11个月婴儿 喉咙有痰 怎么办,无,你的这种情况可能是风寒感冒咳嗽，是感受风寒所致的咳嗽。本证以咳嗽频作，痰稀色白，鼻流清涕，舌淡红白，苔薄咳嗽声重，头痛身热，甚则喘急为特征。可以用三拗汤加降气化痰的药物治疗
内科,1岁4个月的孩子，咳嗽怎么办,无,你的这种情况可能是风寒感冒咳嗽，是感受风寒所致的咳嗽。本证以咳嗽频作，痰稀色白，鼻流清涕，舌淡红白，苔薄咳嗽声重，头痛身热，甚则喘急为特征。可以用三拗汤加降气化痰的药物治疗
内科,儿童感冒咳嗽有黄痰吃什么药,无,你好，考虑为感冒的可能，通常有咳嗽、咳痰、发烧的情况，所测量的体温不需加0.5度，超过37度就是发烧，可以采用小儿氨酚黄那敏颗粒治疗，多喝开水，注意保暖很重要，必要时可以采用输液进行治疗的。
内科,5个半月大宝宝，咳嗽、鼻塞、感觉喉咙有痰，该,无,宝宝应该是受凉感冒，可以喂服点感力克，麻甘颗粒试试，另外化验一下血象。如果血象较高，需要抗生素治疗，阿奇霉素效果不错的，让宝宝多喝水，发热的话可以配合布洛芬混悬剂口服，
内科,孩子反复感冒，呼吸道感染，如何检查免疫力？,无,免疫力不好检查的，可以积极治疗，适当补充微量元素，可以喂服点感力克，麻甘颗粒试试，另外化验一下血象。如果血象较高，需要抗生素治疗，阿奇霉素效果不错的
耳鼻喉科,"一岁大的婴儿扁桃体发炎,舌头有泡‘吃不下东西",无,如果扁桃体炎发作的话，可以先抗炎治疗试试，如果扁桃体炎反复发作的话，就要考虑手术切除了，注意术后护理，预防感染为好的，注意多喝水，避免感冒为好的，祝孩子健康成长
耳鼻喉科,四岁宝宝老是挖鼻子，是不是患有鼻炎？,无,你好，可能是宝宝有鼻炎引起的不良反应。可能是过敏引起的或感冒继发感染造成的鼻炎症状。可以应用小儿鼻炎颗粒配合抗过敏药物试试看。
耳鼻喉科,小孩8岁了声音老是怎么办沙哑,无,你好，可能是感冒或咽喉炎引起的不良反应，可以根据病情应用抗炎药物或小儿利咽颗粒治疗看，多喝水，避免辛辣刺激性食物
内科,1岁婴儿感冒流涕，需要一出现症状就吃药吗？,无,你好，考虑为感冒的可能，通常有咳嗽、咳痰、发烧的情况，所测量的体温不需加0.5度，超过37度就是发烧，可以采用小儿氨酚黄那敏颗粒治疗，多喝开水，注意保暖很重要，必要时可以采用输液进行治疗的。
内科,孩子感冒，发烧、浑身时而发冷，头晕，该怎么办,无,宝宝应该是受凉感冒，可以喂服点感力克，麻甘颗粒试试，另外化验一下血象。如果血象较高，需要抗生素治疗，阿奇霉素效果不错的，让宝宝多喝水，发热的话可以配合布洛芬混悬剂口服，
内科,宝宝十个月大有点流鼻涕怎么办,无,你好，根据你的叙述，宝宝是感冒引起的，可以吃点感力克，麻甘颗粒试试，注意多喂水，如果发热可以吃点布洛芬混悬剂试试，祝宝宝早日康复
耳鼻喉科,男童反复鼻痒难耐、打喷嚏、流鼻血，如何治疗？,无,你好，根据你的叙述，考虑是鼻炎引起的症状，一般和过敏，病原菌感染，长期感冒有关系的，一般可口服鼻炎康，甲硝唑，赛庚啶治疗试试，注意预防感冒和冷空气刺激为好的
内科,4个多月的宝宝鼻子不通气怎么办。偶尔的还咳嗽,无,你好，根据的你叙述，宝宝应该是受凉感冒，可以喂服点感力克，麻甘颗粒试试，另外化验一下血象。如果血象较高，需要抗生素治疗，阿奇霉素效果不错的，让宝宝多喝水，发热的话可以配合布洛芬混悬剂口服
耳鼻喉科,请问宝宝总是经常喉咙发红是怎么回事？,无,发现嘴巴嗓子红，量体温38.3，孩子是感冒引起的，建议内服利巴韦林颗粒抗病毒和阿莫西林颗粒消炎就可以了。
营养保健科,2个多月的婴儿感冒了可以喝熬的桔子皮水吗？,无,2个多月的婴儿感冒了可以喝熬的桔子皮水的，可以吃点感力克，麻甘颗粒试试，注意多喂水，如果发热可以吃点布洛芬混悬剂试试，祝宝宝早日康复
内科,小孩感冒咳嗽嗓子疼应该吃什么药好、不发烧。,无,您好，普通感冒多数是由病毒感染引起的，主要表现为流涕、咽痛咽干等，属于自限性疾病，一般5-7天可以自愈，不需要用药治疗，注意多喝水，保证休息，并注意保暖即可。假如要进行药物治疗，建议在专科医生指导下规范应用
内科,宝宝感冒流鼻涕咳嗽手脚凉是怎么回事,无,根据你的描述属于受凉受寒引起的，手脚发凉和体质因素有关，需要增加营养补充维生素微量元素，易消化易吸收饮食，可以服用中成药调理。
内科,宝宝一直流鼻涕、鼻塞怎么办？,无,你好，根据你的叙述，宝宝是感冒引起的，可以吃点感力克，麻甘颗粒试试，注意多喂水，如果发热可以吃点布洛芬混悬剂试试，祝宝宝早日康复
营养保健科,小儿能服用板蓝根吗,无,小儿能服用板蓝根的，如果是感冒，可以吃点感力克，麻甘颗粒试试，注意多喂水，如果发热可以吃点布洛芬混悬剂试试，祝宝宝早日康复
营养保健科,2周岁宝宝食欲不好 怎么办,无,"你好,宝宝的这种症状最常见的原因是消化不良的表现.是和最近的感冒和发热有一定的关系，治疗的方法,是可以让宝宝口服健胃化积口服液或者是保儿安等来进行调理一下."
内科,三岁孩子病毒性感冒可以吃清开灵吗,无,孩子是可以口服清开灵的方法治疗的。要掌握药物的方法剂量、建议均衡营养多吃新鲜蔬菜水果多喝水忌辛辣食物注意休息，补充多种维生素增强抵抗力早康复。
内科,1岁宝宝头部发烫但体温不高是什么原因,无,建议去医院检查，找到原因针对性治疗才会见效的，注意是否是病毒性感冒，扁桃体炎及症状不明显的肺炎的可能。 检查清楚针对性治疗。当然首先要及时控制体温，因为体温过高时容易引起小儿高热惊厥，主要是采用药物降温与物理降温的方法，具体用药最好能在医生指导下使用。
内科,小孩发烧39度不退是怎么回事,无,一般是由感冒引起的，由于孩子体温调节中枢发育还不完善，所以很容易受外界影响而引起体温波动。一般建议不超过38度，是不需要服用退烧药的，可以以物理降温为主，酒精擦身，温水擦洗脸部，额头。超过38度，一般可以服用布洛芬混悬剂或者萘普生
内科,小孩发烧又咳嗽有痰怎么办.,无,你的这种情况可能是风寒感冒咳嗽，是感受风寒所致的咳嗽。本证以咳嗽频作，痰稀色白，鼻流清涕，舌淡红白，苔薄咳嗽声重，头痛身热，甚则喘急为特征。可以用三拗汤加降气化痰的药物治疗
内科,1岁9个月宝宝感冒流鼻涕微咳，有痰吃什么止咳,无,考虑是支气管炎引起的，可以给孩子喂服麻甘颗粒，清竹沥口服液试试，如果血象高的话需要配合抗生素治疗的，阿奇霉素分散片效果不错的，让宝宝多喝水，注意室内经常通风换气，慢慢会改善的，祝宝宝健康成长
内科,小孩心肌酶高怎么回事,无,小孩心肌酶高考虑和心肌炎有关系的，可以进步查查，治疗可以使用阿奇霉素，利巴韦林治疗的，注意保暖，避免感冒
内科,宝宝发烧是细菌性还是病毒性，严重吗？,无,你好，你说的孩子这种发烧考虑孩子有可能还是病毒性的感冒引起的，在孩子时期也是比较多见的一种疾病。建议你最好是先给孩子服用几天的清热解毒口服液治疗效果是比较好的，治疗期间多注意让孩子喝一些水是比较好的，这样孩子感冒的症状慢慢就会好的，先不要着急给孩子用抗生素治疗，如果孩子还是不好的话，在考虑给孩子输液治疗。
内科,7个月宝宝感冒咳嗽有痰，如何治疗？,无,根据你的描述属于感染引起的支气管炎，可以抗生素抗感染治疗，止咳祛痰治疗，增加营养补充维生素微量元素，易消化易吸收饮食
耳鼻喉科,1岁10个月男宝宝耳朵后面起来个小包严重吗,无,"你好，你所说的包应该是肿大的耳后淋巴结，多由感冒等引起。
内科,一周四个月宝宝流鼻涕发热37.5左右，吃什么,无,宝宝应该是受凉感冒，可以喂服点感力克，麻甘颗粒试试，另外化验一下血象。如果血象较高，需要抗生素治疗，阿奇霉素效果不错的，让宝宝多喝水，发热的话可以配合布洛芬混悬剂口服，祝宝宝早日康复
营养保健科,哺乳期拉肚子宝宝也会拉肚子吗？,无,如果是因为受凉拉肚子，病情较轻，喂奶一般不受影响，自己适当调整饮食和充分的休养调养一般很快会好；如果你是吃坏了东西拉肚子，或感冒发烧等引起的腹泻，应及时与医生联系，积极治疗。
内科,小孩感冒后咳嗽老不好，吃什么药？,无,可以喂服点感力克，麻甘颗粒试试，另外化验一下血象。如果血象较高，需要抗生素治疗，阿奇霉素效果不错的，让宝宝多喝水，发热的话可以配合布洛芬混悬剂口服，祝宝宝早日康复
内科,11个月宝宝咳嗽哑嗓子怎么办,无,你的这种情况可能是风寒感冒咳嗽，是感受风寒所致的咳嗽。本证以咳嗽频作，痰稀色白，鼻流清涕，舌淡红白，苔薄咳嗽声重，头痛身热，甚则喘急为特征。可以用三拗汤加降气化痰的药物治疗
内科,2岁宝宝发烧.38.2怎么为,无,孩子发烧是常见现象，一般是由感冒引起的，由于孩子体温调节中枢发育还不完善，所以很容易受外界影响而引起体温波动。一般建议不超过38度，是不需要服用退烧药的，可以以物理降温为主，酒精擦身，温水擦洗脸部，额头。超过38度，一般可以服用布洛芬混悬剂或者萘普生
营养保健科,宝宝从发烧过后不吃饭不喝水怎么办,无,孩子感冒时候脾胃功能也是较弱的，建议不要过于着急，平常孩子不吃的时候不要逼着孩子吃，适当的多喂点水，饮食要清淡好消化些
耳鼻喉科,七个月宝宝每天早上鼻子不通气，是鼻炎吗？,无,宝宝应该是受凉感冒，可以喂服点感力克，麻甘颗粒试试，另外化验一下血象。如果血象较高，需要抗生素治疗，阿奇霉素效果不错的，让宝宝多喝水，发热的话可以配合布洛芬混悬剂口服
内科,七个月大的男宝宝感冒怎么办,无,可以喂服点感力克，麻甘颗粒试试，另外化验一下血象。如果血象较高，需要抗生素治疗，阿奇霉素效果不错的，让宝宝多喝水，发热的话可以配合布洛芬混悬剂口服，祝宝宝早日康复
内科,一岁半的宝宝感冒 咳嗽 流鼻涕 吃什么药好得,无,宝宝应该是受凉感冒，可以喂服点感力克，麻甘颗粒试试，另外化验一下血象。如果血象较高，需要抗生素治疗，阿奇霉素效果不错的，让宝宝多喝水，发热的话可以配合布洛芬混悬剂口服，祝宝宝早日康复
内科,5个月宝宝流鼻涕打喷嚏怎么办,无,宝宝应该是受凉感冒，可以喂服点感力克，麻甘颗粒试试，另外化验一下血象。如果血象较高，需要抗生素治疗，阿奇霉素效果不错的，让宝宝多喝水，发热的话可以配合布洛芬混悬剂口服，祝宝宝早日康复
内科,九个月的宝宝病毒感冒反复发烧吃什么药,无,可以喂服点感力克，麻甘颗粒试试，另外化验一下血象。如果血象较高，需要抗生素治疗，阿奇霉素效果不错的，让宝宝多喝水，发热的话可以配合布洛芬混悬剂口服，祝宝宝早日康复
耳鼻喉科,怎样有效的为宝宝排痰,无,你好，考虑为感冒的可能，通常有咳嗽、咳痰、发烧的情况，所测量的体温不需加0.5度，超过37度就是发烧，可以采用小儿氨酚黄那敏颗粒治疗，多喝开水，注意保暖很重要，必要时可以采用输液进行治疗的。
耳鼻喉科,11个月的小孩鼻子不通气，醒了爱哭闹，怎么治,无,"你好，根据你的咨询鼻塞和感冒有关系，需要看看是不是有发热或者咳嗽的症状。如果是病毒性感冒,没有什么特效药,可以服用利巴韦林颗粒或者小儿氨酚烷胺颗粒治疗，另外多喝白开水和不能受凉。祝宝宝健康成长。"
内科,11个月宝宝感冒咳嗽流鼻涕有痰咳不出，出汗多,无,可以喂服点感力克，麻甘颗粒试试，另外化验一下血象。如果血象较高，需要抗生素治疗，阿奇霉素效果不错的，让宝宝多喝水，发热的话可以配合布洛芬混悬剂口服，祝宝宝早日康复
耳鼻喉科,10个月的宝宝流黄鼻涕该吃什么药好,无,您好，感冒引起的症状就是有炎症刺激和过敏等疾病引起的症状及时的口服抗生素和止咳药物治疗口服咳喘灵，扑尔敏，头孢氨苄治疗，多喝水均衡营养。
内科,孩子超敏c反应蛋白高，连续发烧6天该怎么办,无,"咳嗽重的话,有可能支原体已经感染,是不是你以前感冒有支气管炎的病根没治好呢?咳嗽时不要太大力,尽量控制,现在这样的情况请去医院化验一下血液,然后大夫会对症下药的,咳嗽最好服中药,因为西药可能是以消炎为主"
内科,"3岁宝宝晚上睡觉老踢被子,一踢被子就感冒,是",无,孩子爱踢被子最闹心啦，我孩子也是，夜里总得爬起来给他盖，就怕一不留神感冒了，甚至发烧，我是尽量不给孩子吃药和打针的，这样自身的免疫力能更好，但是家里还是有备一些退烧贴和退烧药儿童百服咛，你也可以准备一点在家里，这个药退烧安全而且快速，最主要它的退烧成分世界卫生组织推荐过，很安全，副作用也小，一般孩子如果烧得不厉害，我都是先用物理方法退烧，退不下去再吃儿童百服咛，很快就能退下去，还蛮适合家中常备哦。
内科,婴儿咳嗽能吃燕窝吗,无,你的这种情况可能是风寒感冒咳嗽，是感受风寒所致的咳嗽。本证以咳嗽频作，痰稀色白，鼻流清涕，舌淡红白，苔薄咳嗽声重，头痛身热，甚则喘急为特征。可以用三拗汤加降气化痰的药物治疗
内科,3岁小孩感冒咳嗽流鼻涕怎么办,无,你好，根据你的叙述，宝宝是感冒引起的，可以吃点感力克，麻甘颗粒试试，注意多喂水，如果发热可以吃点布洛芬混悬剂试试，祝宝宝早日康复
内科,宝宝最近经常上呼吸道感染怎么办,无,你好，根据的你叙述，宝宝应该是受凉感冒，可以喂服点感力克，麻甘颗粒试试，另外化验一下血象。如果血象较高，需要抗生素治疗，阿奇霉素效果不错的，让宝宝多喝水，发热的话可以配合布洛芬混悬剂口服
营养保健科,宝宝6个月高烧以后出急诊病愈以后一直拉肚子怎,无,你好，考虑为感冒的可能，通常有咳嗽、咳痰、发烧的情况，所测量的体温不需加0.5度，超过37度就是发烧，可以采用小儿氨酚黄那敏颗粒治疗，多喝开水，注意保暖很重要，必要时可以采用输液进行治疗的。
营养保健科,三周半感冒的孩子能吃泥鳅吗,无,三周半感冒的孩子能吃泥鳅的，另外积极治疗为好的，可以喂服点感力克，麻甘颗粒试试，另外化验一下血象。如果血象较高，需要抗生素治疗，阿奇霉素效果不错的，让宝宝多喝水，发热的话可以配合布洛芬混悬剂口服，
营养保健科,冬天，怎样防治宝宝感冒发烧,无,根据你的描述需要注意保暖，注意增减衣帽，少去公共场所，增加营养补充维生素微量元素，可以服用玉屏风散颗粒调理。
内科,10个月的孩子感冒流黄鼻涕怎么办,无,考虑孩子反复感染的可能性大 建议给宝宝口服小儿氨酚磺那敏颗粒、双黄连颗粒。宝宝应注意保暖，多喝水，室内空气保持流通有利于宝宝病情的恢复。
新生儿科,小儿高热惊厥反复发作怎么办,无,你好，考虑为感冒的可能，通常有咳嗽、咳痰、发烧的情况，所测量的体温不需加0.5度，超过37度就是发烧，可以采用小儿氨酚黄那敏颗粒治疗，多喝开水，注意保暖很重要，必要时可以采用输液进行治疗的。
内科,10个月的孩子感冒流黄鼻涕怎么办,无,考虑孩子反复感染的可能性大 建议给宝宝口服小儿氨酚磺那敏颗粒、双黄连颗粒。宝宝应注意保暖，多喝水，室内空气保持流通有利于宝宝病情的恢复。
营养保健科,秋季宝宝饮食要注意什么？,无,建议均衡营养多吃新鲜蔬菜水果多喝水忌辛辣食物注意休息保，补充多种维生素增强抵抗力早康复。减少感冒的出现。
耳鼻喉科,半岁宝宝扁桃体发炎发烧38.6，只吃药不打针,无,你好，根据你的叙述，如果扁桃体炎发作的话，可以先抗炎治疗试试，单纯口服效果不好的，如果扁桃体炎反复发作的话，就要考虑手术切除了，注意术后护理，预防感染为好的，注意多喝水，避免感冒为好的，祝孩子健康成长
内科,宝宝病毒性感冒不吃饭，怎么办？,无,可以喂服点感力克，麻甘颗粒试试，另外化验一下血象。配合利巴韦林颗粒，让宝宝多喝水，发热的话可以配合布洛芬混悬剂口服，祝宝宝早日康复
内科,秋季儿童如何预防感冒,无,你好，秋天由于气温变化比较剧烈，尤其白天和晚上的温差较大，容易因保暖不当或冷热刺激引起感冒。需要注意科学搭配穿衣和气温的结合，多喝水
内科,4个多月大的宝宝咳嗽怎么办,无,"考虑是有感冒引起的上呼吸道感染。建议用双黄连和护彤（小儿氨酚黄那敏颗粒），咳嗽或者有痰可以服用鲜竹沥口服液或者小儿麻甘颗粒治疗.同时注意要宝宝多喝水,禁食辛辣刺激食物,要按时喂养提倡少食多餐的喂养方法,不要接触人员比较密集的场所。"
外科,小孩肚子里有淋巴结是什么引起的,无,你好，这种情况要考虑是肠系膜淋巴结发炎，平常一般不需要治疗的。疼痛的时候抗炎治疗和适当使用解痉的药物。注意防止感冒和注意避免吃生冷食物和辛辣食物防止复发 。
神经内科,3个月宝宝发烧怎么办,无,"孩子感冒建议给宝宝口服些感冒的药物如小儿氨酚黄那敏颗粒，配合些阿莫西林颗粒及蛇胆陈皮散，保持室内合适的温度和湿度,空气新鲜.多喂水，注意保暖，祝宝宝早日康复"
内科,小孩上呼吸道感染吃什么药好,无,你的这种情况可能是风寒感冒，风寒感冒是因风吹受凉而引起的感冒，秋冬发生较多。建议用荆防败毒散治疗。多喝水。
内科,四岁的孩子老流鼻涕是怎么回事啊,无,你的这种情况可能是风寒感冒，风寒感冒是因风吹受凉而引起的感冒，秋冬发生较多。建议用荆防败毒散治疗。多喝水。
内科,孩子鼻塞怎么办,无,你的这种情况可能是风寒感冒，风寒感冒是因风吹受凉而引起的感冒，秋冬发生较多。建议用荆防败毒散治疗。多喝水。
耳鼻喉科,小孩经常流鼻血是上火还是鼻子有什么问题啊,无,你好，根据你的叙述，考虑是鼻炎引起的症状，一般和过敏，病原菌感染，长期感冒有关系的，一般可口服鼻炎康，甲硝唑，赛庚啶治疗试试，注意预防感冒和冷空气刺激为好的
内科,孩子感冒咳嗽，现在从干咳到有痰，药要变化吗？,无,你的这种情况可能是风寒感冒咳嗽，是感受风寒所致的咳嗽。本证以咳嗽频作，痰稀色白，鼻流清涕，舌淡红白，苔薄咳嗽声重，头痛身热，甚则喘急为特征。可以用三拗汤加降气化痰的药物治疗
内科,5岁儿童感冒发烧，咳嗽能吃头孢克洛干混悬剂吗,无,你好，根据的你叙述，宝宝应该是受凉感冒，可以喂服点感力克，麻甘颗粒试试，另外化验一下血象。如果血象较高，需要抗生素治疗，如头孢克洛干混悬剂，让宝宝多喝水，发热的话可以配合布洛芬混悬剂口服，祝宝宝早日康复
内科,宝宝反复咳嗽，喘该怎么办？,无,你的这种情况可能是风寒感冒咳嗽，是感受风寒所致的咳嗽。本证以咳嗽频作，痰稀色白，鼻流清涕，舌淡红白，苔薄咳嗽声重，头痛身热，甚则喘急为特征。可以用三拗汤加降气化痰的药物治疗
内科,1岁4个月宝宝受凉感冒发烧咳嗽吃什么药好,无,你的这种情况可能是风寒感冒咳嗽，是感受风寒所致的咳嗽。本证以咳嗽频作，痰稀色白，鼻流清涕，舌淡红白，苔薄咳嗽声重，头痛身热，甚则喘急为特征。可以用三拗汤加降气化痰的药物治疗
内科,2个月婴儿感冒咳嗽鼻塞流鼻涕怎么办.,无,你的这种情况可能是风寒感冒，风寒感冒是因风吹受凉而引起的感冒，秋冬发生较多。建议用荆防败毒散治疗。多喝水。
内科,孩子咳嗽能吃小儿清肺化痰颗粒吗,无,你的这种情况可能是风寒感冒咳嗽，是感受风寒所致的咳嗽。本证以咳嗽频作，痰稀色白，鼻流清涕，舌淡红白，苔薄咳嗽声重，头痛身热，甚则喘急为特征。可以用三拗汤加降气化痰的药物治疗
耳鼻喉科,小孩子扁桃体过大是怎么回事？,无,孩子的症状就是扁桃体炎和扁桃体肿大引起的症状，建议先口服抗生素的方法治疗口服阿奇霉素，维生素C治疗就可以的，无效时要通过手术的方法治疗，一定要增强抵抗力，减少感冒。
内科,小儿感冒与肺炎如何区分？,无,你的这种情况可能是风寒感冒，风寒感冒是因风吹受凉而引起的感冒，秋冬发生较多。建议用荆防败毒散治疗。多喝水。
内科,【小儿感冒】小儿感冒怎么办,无,孩子的症状就好似有感冒后引起的症状，这样的疾病一般是需要结合孩子的症状在及时的口服药物的方法如果没有发热和咳嗽就是不需要口服药物的方法治疗的。
内科,儿童早晚咳嗽怎么办？,无,小儿咳嗽比大人反应严重，多数会咳嗽不止，父母看到孩子有点咳嗽就会去找医生、吃药、挂水。用药的结果是孩子的胃口差了，食欲不好，营养就跟不上，孩子的抵抗力就差，这样一来孩子更容易感冒、咳嗽，所以这类孩子就陷入恶性循环之中，孩子往往长得瘦小、面色焦黄，甚至......
内科,3岁孩子感冒是不是用艾畅没有用了？,无,你的这种情况可能是风寒感冒，风寒感冒是因风吹受凉而引起的感冒，秋冬发生较多。建议用荆防败毒散治疗。多喝水。
内科,小儿内伤咳嗽怎么办,无,"你好,发烧并发咳嗽是由于感冒导致的并发症,如果时间长了就成了支气管炎了,要及时的治疗.可以适当的用点抗生素治疗,根据化验的结果调整一下药物,看看是细菌感染还是病毒感染,要多喝水,也可同时服用点中成药治疗一下."
新生儿科,刚满月的婴儿感冒了怎么办啊？,无,您好，孩子的症状考虑是受凉引起的或病毒性感冒。建议多喝水和保暖，可以喂服小儿氨酚黄那敏颗粒对症治疗。注意观察体温。
外科,宝宝打完疫苗后发现感冒，可否吃药,无,如有发热，38.5度以下，可以采用物理降温，发烧38.5度以上要及时应用退烧药，比如布洛芬混悬液或阿司匹林泡腾片等等。
耳鼻喉科,通气鼻贴宝宝能用吗,无,你好，考虑为感冒的可能，通常有咳嗽、咳痰、发烧的情况，所测量的体温不需加0.5度，超过37度就是发烧，可以采用小儿氨酚黄那敏颗粒治疗，多喝开水，注意保暖很重要，必要时可以采用输液进行治疗的。现在不必用通气鼻贴治疗。
营养保健科,宝宝大便干，肛门出血怎么办,无,你好，考虑为便秘，可以采用多喝开水的方法，必要时采用小儿开塞露进行治疗。有感冒的症状需同时治疗，服用小儿速效伤风颗粒效果较好，注意保暖
内科,"6个月宝宝发烧,额头热，手脚冰凉，怎么回事",无,你好，考虑为感冒的可能，通常有咳嗽、咳痰、发烧的情况，所测量的体温不需加0.5度，超过37度就是发烧，可以采用小儿氨酚黄那敏颗粒治疗，多喝开水，注意保暖很重要，必要时可以采用输液进行治疗的。
内科,小儿咳嗽有痰流黄鼻涕是肺热吗？还是风热感冒？,无,你好，考虑为感冒的可能，通常有咳嗽、咳痰、发烧的情况，所测量的体温不需加0.5度，超过37度就是发烧，可以采用小儿氨酚黄那敏颗粒治疗，多喝开水，注意保暖很重要，必要时可以采用输液进行治疗的。
内科,一岁宝宝能吃鸽子肉吗,无,你好，可以吃的，不必担心，可以有效增强身体抵抗力，发现有利于症状的好转，注意保暖预防发生感冒的情况。定期复查。
此次病情：咳嗽情况加重，喘息无好转",您好，这个情况考虑为哮喘，多是由于过敏引起，应该检查避免接触过敏源，目前最好的治疗办法就是采取吸入激素治疗办法，严重的时候加用支气管扩张药物治疗，饮食清淡 ，避免着凉感冒。
内科,宝宝发烧吃什么粥好,无,你好，考虑为感冒的可能，通常有咳嗽、咳痰、发烧的情况，所测量的体温不需加0.5度，超过37度就是发烧，可以采用小儿氨酚黄那敏颗粒治疗，多喝开水，注意保暖很重要，必要时可以采用输液进行治疗的。
内科,小儿一直反复高烧不退怎么办？,无,孩子发烧是常见现象，一般是由感冒引起的，由于孩子体温调节中枢发育还不完善，所以很容易受外界影响而引起体温波动。一般建议不超过38度，是不需要服用退烧药的，可以以物理降温为主，酒精擦身，温水擦洗脸部，额头。超过38度，一般可以服用布洛芬混悬剂或者萘普生
内科,小儿感冒。流鼻涕，咳嗽应该吃哪几种药？,无,宝宝应该是受凉感冒，可以喂服点感力克，麻甘颗粒试试，另外化验一下血象。如果血象较高，需要抗生素治疗，阿奇霉素效果不错的，让宝宝多喝水，发热的话可以配合布洛芬混悬剂口服，祝宝宝早日康复
内科,刚刚满月的婴儿感冒怎么办？,无,你好，考虑为感冒的可能，通常有咳嗽、咳痰、发烧的情况，所测量的体温不需加0.5度，超过37度就是发烧，可以采用小儿氨酚黄那敏颗粒治疗，多喝开水，注意保暖很重要，必要时可以采用输液进行治疗的。
耳鼻喉科,一岁宝宝总是流清鼻涕怎么办？,无,流鼻水不一定是感冒，也不是非吃药不可，其实一些症状轻微的小病，用自然疗法，加上多休息、多运动、补充营养也可以增强身体对疾病的抵抗力;尤其宝宝的器官都还在生长当中，吃过量的药，反而对身体不好，建议父母应该请教医师，分辨病情的严重程度后，再决定宝宝是否要吃药。
内科,为什么孩子一感冒，很容易就发烧？,无,根据你的描述属于小儿身体抵抗力弱，反应能力高容易发热，需要抗生素抗感染治疗，易消化易吸收饮食，保持心情舒畅注意休息，可以服用药物治疗。
内科,"小儿打喷嚏,流鼻涕用什么药?",无,根据你说的症状考虑是属于病毒引起感冒表现，治疗应该抗病毒，可以服用小儿氨黄那敏颗粒，利巴韦林，多喝水，饮食以清淡为主。
内科,宝宝感冒流鼻涕咳嗽怎么办,无,糖水白果：取白果仁50克，小火炒熟，用刀拍破果皮，去外壳及外衣，清水洗净切成小丁。锅洗净，入清水一碗，投入白果，上旺火，烧沸后转小火焖煮片刻，入白糖50克，烧一沸滚，入糖桂花少许，即可食用。
内科,小儿风寒感冒咳嗽可以喝姜汤吗?,无,姜汤是暖性的，在感冒早期喝一点姜汤，有缓解感冒症状的作用。现在孩子出现咳嗽症状，再喝姜汤意义不大。家长应该带孩子去医院就诊，在医生指导下用消炎药治疗。
内科,8个月的宝宝病毒性感冒反复发烧怎么办,无,"主要还是考虑为病毒性引起的发烧症状,建议您做一个血常规检查来帮助诊断,抗病毒效果差的话可以适当使用点消炎药效果可能会好点,病毒感染的特点就是容易反复高烧,病毒一般一周就会停止复制意见建议:不用太紧张,多喝开水,注意休息,"
营养保健科,六个月的宝宝可以吃小儿氨酚黄那敏颗粒吗？,无,六个月的宝宝可以吃小儿氨酚黄那敏颗粒，感冒可以喂服点感力克，麻甘颗粒试试，另外化验一下血象。如果血象较高，需要抗生素治疗，阿奇霉素效果不错的，让宝宝多喝水，发热的话可以配合布洛芬混悬剂口服，祝宝宝早日康复
内科,婴儿伤风感冒怎么办,无,孩子感冒，我是觉得如果能物理方法就物理方法处理，像注意保暖，多喝水，多排尿，饮食要清淡。然后再考虑药物。吃药的话也尽量要吃中药成分的，少吃西药。
内科,三岁宝宝感冒后咳嗽，然后嗓子哑了，怎么办,无,宝宝目前的情况考虑是有点喉炎，建议最好进行血常规检查，看看血象是否升高，如果是细菌感染所致的，是需要继续应用头孢拉定颗粒进行消炎治疗的。不必应用止咳糖浆了。注意适当多喝水。必要时可以进行吸入疗法。
营养保健科,小儿氨酚黄那敏颗粒一岁以下可以吃吗,无,你好，考虑为感冒的可能，通常有咳嗽、咳痰、发烧的情况，所测量的体温不需加0.5度，超过37度就是发烧，可以采用小儿氨酚黄那敏颗粒治疗，多喝开水，注意保暖很重要，必要时可以采用输液进行治疗的。
内科,小孩感冒可以吃鸡蛋吗,无,小孩感冒可以吃鸡蛋的，另外可以喂服点感力克，麻甘颗粒试试，另外化验一下血象。如果血象较高，需要抗生素治疗，阿奇霉素效果不错的，让宝宝多喝水，发热的话可以配合布洛芬混悬剂口服，
内科,"三岁小孩感冒流鼻涕,打喷嚏吃什么药好",无,感冒后要口服银翘散的方法治疗的，同时要结合患者的症状及时的对症治疗的，均衡营养多吃新鲜蔬菜水果多喝水注意休息，如果有炎症要口服抗生素的方法早康复。
并且腹部发热",你好，根据你的叙述，如果扁桃体炎发作的话，可以先抗炎治疗试试，如果扁桃体炎反复发作的话，就要考虑手术切除了，注意术后护理，预防感染为好的，注意多喝水，避免感冒为好的，祝孩子健康成长
内科,"三岁小孩感冒流鼻涕,打喷嚏吃什么药好",无,感冒后要口服银翘散的方法治疗的，同时要结合患者的症状及时的对症治疗的，均衡营养多吃新鲜蔬菜水果多喝水注意休息，如果有炎症要口服抗生素的方法早康复。
并且腹部发热",你好，根据你的叙述，如果扁桃体炎发作的话，可以先抗炎治疗试试，如果扁桃体炎反复发作的话，就要考虑手术切除了，注意术后护理，预防感染为好的，注意多喝水，避免感冒为好的，祝孩子健康成长
内科,小孩子咳嗽有痰怎么办,无,你好，一般感冒引起的咳嗽药物治疗效果不好时可以采用食疗的办法，如采用梨子炖冰糖、杏仁萝卜炖猪肺效果较好，多喝开水。
耳鼻喉科,小孩子鼻塞怎么办,无,你好，考虑为感冒的可能，通常有咳嗽、咳痰、发烧的情况，所测量的体温不需加0.5度，超过37度就是发烧，可以采用小儿氨酚黄那敏颗粒治疗，多喝开水，注意保暖很重要，必要时可以采用输液进行治疗的。
内科,宝宝咳嗽了，先喝咳嗽药在喝艾畅小儿伪麻美芬滴,无,你好，考虑为感冒的可能，通常有咳嗽、咳痰、发烧的情况，所测量的体温不需加0.5度，超过37度就是发烧，可以采用小儿氨酚黄那敏颗粒治疗，多喝开水，注意保暖很重要，必要时可以采用输液进行治疗的。
内科,婴儿鼻子堵怎么办？,无,注意季节，天气变化，及时更换衣服；感冒时尽量用中药治疗，没有条件服中药的一定结合服中成药柴胡口服液，这样可以把外邪驱除，起到理想的预防的目的！
内科,四个月的宝宝发烧吃功臣再欣该吃多少,无,复方锌布颗粒剂(臣功再欣)用于缓解普通感冒或流行性感冒引起的发热、头痛、四肢酸痛、鼻塞、流涕、打喷嚏等症状。口服。3-5岁儿童，一次半包；6-14岁儿童，一次1包；成 人，一次2包，一日3次。
营养保健科,夏季给新生儿洗澡要注意什么,无,你好根据你的情况属于需要注意个人卫生，避免感冒，需要增加营养补充维生素微量元素，保持心情舒畅注意休息，避免不良刺激。
内科,婴儿发烧38度怎么办,无,你好，孩子发烧是常见现象，一般是由感冒引起的，由于孩子体温调节中枢发育还不完善，所以很容易受外界影响而引起体温波动。一般建议不超过38度，是不需要服用退烧药的，可以以物理降温为主，酒精擦身，温水擦洗脸部，额头。超过38度，一般可以服用布洛芬混悬剂或者萘普生
内科,宝宝有点咳嗽怎么办,无,您好，宝宝咳嗽可能是感冒，支气管炎或肺炎的症状。建议及时服用抗生素制剂如头孢拉定干混悬剂，阿奇霉素颗粒和小儿化痰止咳颗粒治疗。必要时到医院检查明确诊断以利治疗。
耳鼻喉科,腺样体肥大怎么办,无,孩子的症状就是扁桃体炎和扁桃体肿大引起的症状，建议先口服抗生素的方法治疗口服阿奇霉素，维生素C治疗就可以的，无效时要通过手术的方法治疗，一定要增强抵抗力，减少感冒。
内科,2个月宝宝感冒怎么办,无,您好，咳嗽引起的症状就是有炎症刺激和过敏等疾病引起的症状及时的口服抗生素和止咳药物治疗口服，小儿咳喘灵，头孢氨苄治疗，多喝水均衡营养。
内科,小孩感冒咳嗽吃什么药好?,无,你的这种情况可能是风寒感冒咳嗽，是感受风寒所致的咳嗽。本证以咳嗽频作，痰稀色白，鼻流清涕，舌淡红白，苔薄咳嗽声重，头痛身热，甚则喘急为特征。可以用三拗汤加降气化痰的药物治疗
内科,小孩手足口病症状,无,手足口病又称手足口综合征。以手足和口腔粘膜出现疱疹或溃疡为主要临床特征，可通过口、手、空气飞沫、以及污染的水源、食物等多种途径传播。患有此病的孩子若治疗不及时，极易并发脑炎和心肌炎。临床症状 在孩子发病初期，普遍出现类似感冒的症状，发烧时间一般持续4～5天，并在孩子的手掌、脚掌和口腔，长有许许多多的小疱疹。
外科,如何诊断小儿肠系膜淋巴结炎?,无,"您好,肠系膜淋巴结炎治疗并不复杂,但是有一点就是容易复发,通常和呼吸道感染或者肠道感染有关系,多为病毒或细菌感染所致. 只要积极抗炎,抗病毒治疗即可.目前建议您最好能够给于静脉输液治疗,只要选用的抗生素合适,按疗程,根据孩子体重给药,一般都没有问题的.如果孩子没有头孢类过敏史的话,可用第三代头孢类抗生素,疗程至少一周左右. 要清淡饮食,避免进食刺激性食物,同时要积极预防感冒."
新生儿科,哪种小儿感冒颗粒效果比较好啊?,无,可以喂服点感力克，麻甘颗粒试试，另外化验一下血象。如果血象较高，需要抗生素治疗，阿奇霉素效果不错的，让宝宝多喝水，发热的话可以配合布洛芬混悬剂口服，祝宝宝早日康复
内科,两岁半的孩子感冒咳嗽有痰能吃什么菜,无,不能吃太咸的菜，一般可以多喝水，口服阿奇霉素，利咽颗粒试试，保持室内空气流通，平时饮食中加点水果蔬菜，另外可以口服蓝芩口服液调理一下。慢慢会改善的，祝宝宝健康成长
内科,婴儿打喷嚏流鼻涕咳嗽吃什么药,无,你好，根据的你叙述，宝宝应该是受凉感冒，可以喂服点感力克，麻甘颗粒试试，另外化验一下血象。如果血象较高，需要抗生素治疗，阿奇霉素效果不错的，让宝宝多喝水，发热的话可以配合布洛芬混悬剂口服，祝宝宝早日康复
耳鼻喉科,小孩经常咽喉炎怎么办?,无,"考虑是咽喉炎导致的啊.发炎明显的时候最好还是应该抗炎治疗,含化华素片.严重的输液抗炎治疗.而且好转后应该巩固治疗一定的时间,否则越是经常发生越容易反反复复的。平常一定注意少讲话!注意防止感冒.建议你一定要禁辛辣食物.关键是平常一定要多喝水."
神经内科,孩子发烧，眼睛面满红血丝，怎么办？,无,根据你说情况眼球有红血丝考虑跟您所描述的感冒有关系，但仅根据以上症状无法进一步诊断，建议及时到医院详细检查，针对性治疗。
内科,有什么方法能快速治疗宝宝因为感冒鼻塞的方法啊,无,"您好，考虑孩子是由于受凉出现了上呼吸道感染的情况。
内科,宝宝感冒流黄鼻涕很浓吃什么药好呢？,无,感冒流黄鼻涕，可以吃点小儿氨酚黄那敏颗粒，头孢克肟颗粒，平时多给她喝点水，还有就是一定要注意，饮食清淡一些。
内科,宝宝流鼻涕，鼻塞是小毛病吗？,无,根据你说症状主要是病毒引起感冒表现治疗应该抗病毒可以服用小儿氨黄那敏颗粒，利巴韦林，多喝水治疗饮食以清淡为主看看。
营养保健科,婴儿打完疫苗后可以洗澡吗,无,婴儿打完预防针后最好是不要洗澡，但你可以在打预防针之前给孩子洗澡，打完预防针后洗澡容易让针口感染，同时也有可能会引起孩子感冒的，因为打完预防针后孩子的抵抗力处理比较差的状态。同时打完预防针后要孩子多喝点温开水。
新生儿科,新生儿多久可以出门晒太阳？,无,您好，新生儿一般满月以后就可以外出晒太阳的，但要选择天气好的情况下外出的。冬天要减少外出时间的。也可以在太阳好的下午，带孩子外出转一转，但要注意保暖的，多喝点水，防止感冒就可。
耳鼻喉科,宝宝鼻炎怎么办,无,感冒跟鼻炎没有任何关系。 建议平时多喝水，并且服用清热解毒的中药。不建议长期应用滴鼻剂，因为有可能造成鼻咽粘膜干燥。
内科,孩子半夜突然发烧怎么办？,无,你好，孩子发烧是常见现象，一般是由感冒引起的，由于孩子体温调节中枢发育还不完善，所以很容易受外界影响而引起体温波动。一般建议不超过38度，是不需要服用退烧药的，可以以物理降温为主，酒精擦身，温水擦洗脸部，额头。超过38度，一般可以服用布洛芬混悬剂或者萘普生
神经内科,十个月的宝宝夜里突然发烧39度怎么办、、急,无,你好，宝宝发烧可能是病菌感染或着凉感冒引起的。若是体温没有超过38.5度，一般不建议应用退烧药物，可以配合物理方法降温，比如用酒精棉球或湿棉布擦拭宝宝额头或腋窝部位等。必要的话到医院检查一下血常规，如有感染，配合抗菌药物治疗即可。注意让宝宝多喝水，有助缓解病情。祝宝宝早日康复！
神经内科,宝宝体温37.5正常吗？,无,考虑不正常的。孩子是发热了，孩子的情况考虑可能是感冒了建议吃点双黄连冲剂或是蒲地蓝口服液观察看看多喝水喝白开水不能太唔着超过38.5度可以吃点退烧药物吃点布洛芬口服液。
新生儿科,三个月大的宝宝感冒流鼻涕怎么办,无,感冒流鼻涕引起的症状口服扑尔敏，维生素C治疗。一定要均衡营养多吃新鲜蔬菜水果及时的适当锻炼忌辛辣食物多喝水注意休息，及时的补充多种维生素和微量元素。
内科,【宝宝感冒】宝宝感冒了怎么办,无,发烧是常见现象，一般是由感冒引起的，由于体温调节中枢发育还不完善，所以很容易受外界影响而引起体温波动。一般建议不超过38度，是不需要服用退烧药的，可以以物理降温为主，酒精擦身，温水擦洗脸部，额头。超过38度，一般可以服用布洛芬混悬剂或者萘普生
新生儿科,宝宝发低烧怎么办,无,"您好,患者的情况属于病毒性感冒造成的支气管炎表现,如果持续发热,并且有咳嗽,痰多,气喘等表现时,应该去医院进行治疗.
内科,一岁的宝宝发烧38度左右怎么办？,无,你好，宝宝发烧可能是病菌感染或着凉感冒引起的。若是体温没有超过38.5度，一般不建议应用退烧药物，可以配合物理方法降温，比如用酒精棉球或湿棉布擦拭宝宝额头或腋窝部位等。必要的话到医院检查一下血常规，如有感染，配合抗菌药物治疗即可。注意让宝宝多喝水，有助缓解病情。祝宝宝早日康复！
内科,宝宝风寒感冒和风热感冒有什么区别,无,风寒感冒的症状表现为发热轻、恶寒重、无汗、头痛身痛、鼻流清涕、咳嗽、咽部不红肿、舌淡红、脉浮紧。风寒感冒的治疗方法是采用辛温解表，常用的中成药有小儿至宝丸等。 风热感冒的症状表现为发热重、恶寒轻、有汗或少汗、头痛鼻塞、咽喉肿痛、舌红、脉数（即脉搏跳动较快）。风热感冒的治疗方法是采用辛凉解表，常用的中成药有小儿热速清口服液、小儿豉翘清热颗粒、小儿感冒颗粒（口服液）等。
内科,腺样体肥大腺样体肥大,无,注意营养，预防感冒，提高机体免疫力，积极治疗原发病。随着年龄的增长，腺样体将逐渐萎缩，病情可能得到缓解或症状完全消失。
内科,七个月宝宝感冒咳嗽流鼻涕怎么办？,无,你好，宝宝感冒大多数都是病毒所引起，如果没有合并感染，抗生素治疗是无效的。可以配合使用安全有效的外贴药物，如发热用的冰冰退热贴、咳嗽感冒用的益气贴、胃肠感冒用的丁桂儿脐贴
新生儿科,【新生儿感冒】新生儿感冒症状、怎样预防,无,幼儿童出生时，体内的免疫球蛋白靠从母亲的初乳中获取，6个月左右降至最低水平，以后自身逐渐生成。0－3岁幼儿的免疫球蛋白水平为成人的13％，16岁以后才逐渐达到成人水平。所以6个月以后及非母乳哺养的婴幼儿童特别容易受到自然环境中的病菌与病毒侵害，尤其是开放的呼吸道系统。乳珍含免疫球蛋白达24％以上，可显著提高婴幼儿童的免疫能力，并中和病毒、病菌和毒素，帮助婴幼儿童远离疾病与抗生素。
内科,一个月大宝宝鼻子不通气怎么办?,无,鼻炎引起的饮食上注意少吃刺激性强的食物，减少对鼻黏膜的刺激。在医生的指导下用青霉素治疗效果比较好。防止感冒，减少鼻炎发作的几率
神经内科,小儿常喊头痛 是怎么回事？,感冒引起发热 头痛咽喉痛 查为边缘性脑电图 打点滴一周后 脑电图 为正常 可小孩仍喊有头痛  玩时轻微 上课时较重 不知有何好办法解决？为盼！,你好，出现这些症状，应该是小宝宝感冒了，比如平时给宝宝穿脱衣服不合适，或外出着凉、玩耍出汗较多受冷风刺激等因素引起的。或者存在流感引起的感染所致。可以给宝宝应用小儿氨酚烷胺颗粒等抗感冒药物结合止咳药物治疗控制病情。注意多喝水，做好保暖护理即可。
内科,小孩咳嗽有痰流鼻涕怎么办，,无,你好，小儿咳嗽关键是寻找引起咳嗽的原因．一般轻度而不频繁的咳嗽有助于排痰，痰液排出后，咳嗽往往会自然缓解，因而不必使用止咳药．剧烈而频繁的咳嗽对身体是十分有害的．对剧烈干咳的可在短时间内应用止咳药物，如可待因糖浆，以帮助止咳．对咳嗽痰多、粘稠、不易咳出的患儿，应使用止咳化痰药，如祛痰灵、泰诺感冒咳嗽糖浆，同时注意保证患儿有足够的水分摄入，使痰液稀释，有助于痰液的排出。对于咳嗽的同时，有明显的炎症迹象，如发热、痰黄色而粘稠、血白细胞增加等，可加用抗生素，如卡那霉素和阿莫西林等。此外，应根据引起咳嗽的病因进行治疗。
新生儿科,宝宝七个月发烧好了以后都不怎么吃饭了，只吃奶,无,您好，孩子发烧好了以后目前不吃饭的现象，也是孩子有些消化不好的现象，要注意少食多餐的，尽量吃易消化的食物。也是感冒引起的脾虚的现象，可以服用点健儿消食口服液治疗的，或者婴儿健脾散都行的。
外科,为啥我的孩子老感冒发烧？,无,因为没有治疗感冒的特效药，治疗感冒的药物主要是减轻症状，所以一般不需使用抗生素，特别是早期病毒感染，抗生素非但无效，滥用抗生素反而会引起肌体菌群失调，有利病菌繁殖，加重病情.
新生儿科,八个月的宝宝总是反复发烧该怎么办？,无,"你好，这种情况是需要注意是否是病毒性感冒,扁桃体炎,以及是肺炎的情况，需要检查一下血常规和支原体看看。明确病因后再对症治疗"
营养保健科,妈妈拉肚子宝宝可以吃奶吗,无,您现在的症状最好停止两天母乳，您是感冒拉肚子啦，因此宝宝喝你的奶之后也会这样的，建议您可以停两天，然后奶粉喂养，等好了之后再继续母乳~而且妈妈上火孩子吃妈妈的奶也会引起上
新生儿科,没满月的宝宝感冒鼻塞怎么办？,无,"nh1,宝宝上述情况有可能室内空气干燥引起,宝宝的情况可以提高室内空气湿度，按摩鼻翼治疗 ,口服护彤治疗，多饮水"
新生儿科,八个月婴儿发烧39度 怎么办,无,你好，宝宝发烧可能是病菌感染或着凉感冒引起的。若是体温没有超过38.5度，一般不建议应用退烧药物，可以配合物理方法降温，比如用酒精棉球或湿棉布擦拭宝宝额头或腋窝部位等。必要的话到医院检查一下血常规，如有感染，配合抗菌药物治疗即可。注意让宝宝多喝水，有助缓解病情。祝宝宝早日康复！
内科,宝宝攒肚子会放很多臭屁吗？,无,"宝宝出现拉绿便的现象。如果是母乳喂养，只要宝宝奶量正常、情绪好、睡眠好、体重正常增加。一般无须特别处理。如果是混合喂养的话，要判断宝宝是否吃饱，宝宝在没吃饱的情况下，肠道蠕动加快，也会出现绿色大便。这种情况只要增加奶量，让宝宝吃饱就可以了。受凉也是导致肠蠕动过快，产生绿色大便的常见原因之一。这种原因引起的绿色大便，可能还有像感冒一类的症状。如果只有绿色大便，可在服用蒙脱石散配合丁桂儿脐贴温中健脾，注意腹部保暖尤其在晚上，过几天就会恢复。如果有感冒症状，应同时对感冒进行对症治疗。另外如果不仅拉绿色大便,大便次数多，水分又多，出现腹泻，应当及时到医院检查大便。再对症治疗。"
外科,宝宝有点流鼻涕吃什么药？,无,你好，一般来说感冒的早期都是病毒感染，可以先给宝宝用点小儿感冒冲剂，还有利巴韦林颗粒，多给宝宝喝水，既然已经出现了咳痰的现象，再给他加用消炎的药物，如再林，头孢克洛颗粒等，注意观察宝宝，如果病情加重，最好还是上医院
内科,夏天宝宝发烧怎么办?,无,"你好，这种情况是需要注意是否是病毒性感冒,扁桃体炎,以及是肺炎的情况，需要检查一下血常规和支原体看看。明确病因后再对症治疗"
营养保健科,宝宝翻身总哭是为什么,无,"要注意是否是有饥饿和肚子痛,消化不良肚子胀的可能和是否是有口干等.还要注意是否是有感冒和口腔溃疡，缺钙和腋下皮肤是否是有异常等,小孩睡觉做梦也会的。另外如果母乳不足有可能导致容易醒睡眠不好。"
新生儿科,刚出生的宝宝感冒怎么办,无,怀疑是病毒感染引起的症状，建议对症治疗，使用双黄连注射液，静滴，外用安痛定注射液1---2滴滴鼻退热治疗。再观察。
内科,宝宝现在刚2个月，喂奶时经常呛奶，最近几天偶,无,你好，小儿咳嗽关键是寻找引起咳嗽的原因．一般轻度而不频繁的咳嗽有助于排痰，痰液排出后，咳嗽往往会自然缓解，因而不必使用止咳药．剧烈而频繁的咳嗽对身体是十分有害的．对剧烈干咳的可在短时间内应用止咳药物，如可待因糖浆，以帮助止咳．对咳嗽痰多、粘稠、不易咳出的患儿，应使用止咳化痰药，如祛痰灵、泰诺感冒咳嗽糖浆，同时注意保证患儿有足够的水分摄入，使痰液稀释，有助于痰液的排出。
内科,小孩支气管炎能治好吗,无,你好，小儿支气管炎应该是感冒造成的不良反应，可以应用中医辨证方法结合抗生素药物输液治疗。注意充分休息，避免刺激性因素
外科,急！宝宝突然发烧，其它什么症状都没有，会是什,无,"你好，这种情况是需要注意是否是病毒性感冒,扁桃体炎,以及是肺炎的情况，需要检查一下血常规和支原体看看。明确病因后再对症治疗"
外科,宝宝八个月了打完预防针后发烧怎么办 ？,无,"这种情况不能排除乙脑和麻疹疫苗所致的发热，两者均是减低了活性的病毒疫苗,接种后发热的概率很大。给宝宝多饮水，酌情服用退热药物，密切观察病情，若无咳喘呕吐腹泻等感冒症状，热度会在3日内退掉，就诊时要向医生讲述病史，避免应用激素即可。"
耳鼻喉科,宝宝鼻子塞了怎么办,无,你好，出现这些症状，应该是小宝宝感冒了，比如平时给宝宝穿脱衣服不合适，或外出着凉、玩耍出汗较多受冷风刺激等因素引起的。或者存在流感引起的感染所致。可以给宝宝应用小儿氨酚烷胺颗粒等抗感冒药物结合止咳药物治疗控制病情。注意多喝水，做好保暖护理即可。
内科,孩子快五个月了，发烧37.5度怎么办呀,无,您好，考虑孩子发热上呼吸道感染的可能性大，孩子低热可以物理降温多喝水还不看我不能太唔着超过38.5度可以吃点退烧药物吃点布洛芬口服液再就是吃点感冒药物吃点互彤配合吃点清热解毒口服液
内科,刚满月的宝宝喉咙里有痰怎么办？,无,你好，宝宝咳嗽有痰应该是感冒造成的支气管炎症状。可以应用小儿止咳糖浆、小儿肺热咳喘口服液配合阿奇霉素或阿莫西林等抗菌药物治疗。平时可以给宝宝喝点冰糖梨汁或川贝炖雪梨，对缓解咳嗽多痰也有不错的效果。注意多喝水，做好保暖，防止着凉。
内科,为什么宝宝每个月都要发次烧？,无,对于这种情况，是可以服用点复方鱼腥草颗粒的，平时是应该注意尽量是多喝白开水的，还有就是平时注意卫生，不要与感冒患者接触，防止感冒的，是有必要做一下血液常规检查及CRP检查的，
内科,六个月的宝宝感冒偶尔咳嗽鼻塞流鼻涕不吃饭怎么,无,"你好，小孩接受了冷空气,会因为敏感而流鼻涕,如早上流鼻涕或鼻塞,常由过敏引起,这种鼻涕是清水样的,但伤风感冒也会流鼻涕,如果是黄鼻涕,则可能感染了病毒.普通感冒建议服用桑桔感冒片,小儿感冒冲剂,板兰根冲剂,银翘解毒,六神丸,维生素C等就可以了。"
内科,宝宝低烧怎么治。有点感冒，总是晚上发烧，,无,"你好。你的情况有低热。这种情况应该不是炎症造成的，只是普通的感冒
内科,九个月的宝宝感冒咳嗽流鼻涕怎么办？,无,"常由过敏引起,这种鼻涕是清水样的,但伤风感冒也会流鼻涕,如果是黄色的,则可能感染了病毒.普通感冒服用桑桔感冒片,小儿感冒冲剂,板兰根冲剂,银翘解毒,六神丸,维生素C等就可以了"
内科,请求３岁小朋友发烧并带有手脚疼痛怎么办呀？急,刚起床的时候开始发烧，然后开始手脚带有点疼痛,你好，考虑为感冒的可能，通常有咳嗽、咳痰、发烧的情况，所测量的体温不需加0.5度，超过37度就是发烧，可以采用小儿氨酚黄那敏颗粒治疗，多喝开水，注意保暖很重要，必要时可以采用输液进行治疗的。
内科,两个月的宝宝感冒咳嗽怎么办,无,"小儿咳嗽轻微的感染可以服用消炎药治疗.咳嗽或者有痰可以服用鲜竹沥口服液或者小儿麻甘颗粒治疗.严重时建议静脉输液治疗.还需要警惕支原体感染引起的,如果支原体感染建议使用静脉输液红霉素注射液或者口服阿奇霉素干混悬剂."
内科,两岁两个月的宝宝，感冒咳嗽有痰，吃什么药好呢,无,支原体感染引起的症状一定要正规的口服药物治疗的，是可以治愈的，建议口服四环素，阿奇霉素，红霉素等药物治疗就可以的，在治疗的期间多喝水忌辛辣食物多吃新鲜蔬菜水果，早康复
内科,咨询一下宝宝有点咳嗽然后感觉老是有痰呼吸很快,宝宝有点咳嗽然后感觉老是有痰呼吸很快,考虑有上呼吸道感染的可能，与疱疹病毒，柯萨奇病毒，呼吸道合胞病毒感染等有关，严重的可以合并细菌感染。建议多喝水，少食辛辣刺激食物，积极服用感冒药物治疗，一般一周左右即可痊愈的。
外科,怀疑孩子得了腮腺炎,孩子下午从幼儿园回来说右侧脸疼晚饭也有间隙疼痛，刚测了体温不烧,考虑是病毒性感冒。一般情况下病毒性感冒没有特效的治疗，应注意休息和避免受凉，多喝水，清淡易消化饮食。也可以服用复方氨酚烷胺片，复方大青叶合剂等药物治疗。
耳鼻喉科,男孩3岁5个月，急性中耳炎,今天上午10点耳疼，下午1:30就诊，检查后发现耳道发红，大夫诊断为感冒引起的中耳炎。目前伴有发烧，没精神，没食欲,中耳炎是一种化脓性炎症。要注意个人卫生，洗澡或洗头时避免耳道进水，用氧氟沙星滴耳液和服用甲硝唑，增效联磺片，克拉霉素等消炎药治疗。
营养保健科,除了正常三餐，4岁的宝宝还应该补充哪些营养,无,"提高免疫力：在注意饮食的同时应该加强户外活动，积极预防感冒。
内科,小儿支气管肺炎治疗,无,你好，宝宝咳嗽有痰应该是感冒造成的支气管炎症状。可以应用小儿止咳糖浆、小儿肺热咳喘口服液配合阿奇霉素或阿莫西林等抗菌药物治疗。平时可以给宝宝喝点冰糖梨汁或川贝炖雪梨，对缓解咳嗽多痰也有不错的效果。注意多喝水，做好保暖，防止着凉。
耳鼻喉科,小孩涕流鼻,你好，医生我女儿刚过七岁生日，天稍微冷她就开始流鼻涕，喉咙有痰咳不出，早上鼻子有点不通，去医院检查不是鼻炎,"小儿发烧的病因是相当多的，临床上可以分为感染性与非感染性，以感染性多见，如感冒等是最常见的病因，对于发热需要首先明确病因，针对病因进行处理，体温过高时容易引起小儿高热惊厥。
外科,宝宝偶尔大口的吐奶，请问是什么原因造成的,无,建议你还是带孩子到医院儿科就诊比较好，注意保暖，避免再感冒发热。暂时你自己宜清淡饮食，让孩子多喝水，加快代谢产物的排泄，促进恢复。同时加强护理。
内科,小孩咳嗽可以吃柚子吗？,无,是可以的，孩子这样的情况大都是由于着凉或是呼吸道感染导致的，如果情况严重的话，不排除肺热的可能。可以用点阿奇霉素颗粒咳必清等治疗，如果再配合配合益气贴、一贴宁等外贴药，效果会更加好。平时多给孩子喝水，一定要注意保暖，避免着凉引起感冒，祝你孩子早日康复。
内科,小孩子发烧吃什么退烧药比较好？,无,你好，孩子发烧是常见现象，一般是由感冒引起的，由于孩子体温调节中枢发育还不完善，所以很容易受外界影响而引起体温波动。一般建议不超过38度，是不需要服用退烧药的，可以以物理降温为主，酒精擦身，温水擦洗脸部，额头。超过38度，一般可以服用布洛芬混悬剂或者萘普生
外科,小孩手心发热怎么办,无,你好，根据的你叙述，宝宝应该是受凉感冒，可以喂服点感力克，麻甘颗粒试试，另外化验一下血象。如果血象较高，需要抗生素治疗，阿奇霉素效果不错的，让宝宝多喝水，发热的话可以配合布洛芬混悬剂口服，祝宝宝早日康复
内科,6个月宝宝发烧怎么办？,无,"你好，这种情况是需要注意是否是病毒性感冒,扁桃体炎,以及是肺炎的情况，需要检查一下血常规和支原体看看。明确病因后再对症治疗"
内科,秋季儿童受凉感冒，吃什么药好的快呢？,无,你好，根据的你叙述，宝宝应该是受凉感冒，可以喂服点感力克，麻甘颗粒试试，另外化验一下血象。如果血象较高，需要抗生素治疗，阿奇霉素效果不错的，让宝宝多喝水，发热的话可以配合布洛芬混悬剂口服，祝宝宝早日康复
内科,1岁宝宝咳嗽流鼻涕,无,"你好，小孩接受了冷空气,会因为敏感而流鼻涕,如早上流鼻涕或鼻塞,常由过敏引起,这种鼻涕是清水样的,但伤风感冒也会流鼻涕,如果是黄鼻涕,则可能感染了病毒.普通感冒建议服用桑桔感冒片,小儿感冒冲剂,板兰根冲剂,银翘解毒,六神丸,维生素C等就可以了。"
内科,1岁宝宝咳嗽流鼻涕,无,"你好，小孩接受了冷空气,会因为敏感而流鼻涕,如早上流鼻涕或鼻塞,常由过敏引起,这种鼻涕是清水样的,但伤风感冒也会流鼻涕,如果是黄鼻涕,则可能感染了病毒.普通感冒建议服用桑桔感冒片,小儿感冒冲剂,板兰根冲剂,银翘解毒,六神丸,维生素C等就可以了。"
内科,小儿支气管肺炎治疗,无,你好，宝宝咳嗽有痰应该是感冒造成的支气管炎症状。可以应用小儿止咳糖浆、小儿肺热咳喘口服液配合阿奇霉素或阿莫西林等抗菌药物治疗。平时可以给宝宝喝点冰糖梨汁或川贝炖雪梨，对缓解咳嗽多痰也有不错的效果。注意多喝水，做好保暖，防止着凉。
外科,宝宝五个月咳嗽怎么办？？,无,"您好,根据您的描述,孩子是感冒后咳嗽,中医所说的肺气失宣,肺燥而咳,恢复比较慢.可以服用滋阴润肺的药物,加快康复,如枇耙膏,枇耙止咳露,百合固金丸等."
内科,5个月宝宝鼻塞流鼻涕怎么办,无,你好，出现这些症状，应该是小宝宝感冒了，比如平时给宝宝穿脱衣服不合适，或外出着凉、玩耍出汗较多受冷风刺激等因素引起的。或者存在流感引起的感染所致。可以给宝宝应用小儿氨酚烷胺颗粒等抗感冒药物结合止咳药物治疗控制病情。注意多喝水，做好保暖护理即可。
内科,小孩打防感冒的疫苗后又头晕又发烧怎么办,无,你好，狂犬疫苗确实会导致少部分人出现过敏反应，您所说的情况如果能排除身体被其他细菌病毒所感染，那么可以认为是由过敏引起的。如果发烧比较轻微可以不用处理，即轻微的过敏反应不需要治疗，短期内可自然恢复。如果过敏反应比较严重，则需要到医院进行对症治疗，否则可能有生命危险
内科,2岁的宝宝咳嗽流鼻涕吃什么药好,无,考虑为感冒的可能，可以采用小儿氨酚黄那敏颗粒治疗，多喝开水，注意保暖很重要，必要时可以采用输液进行治疗的。
内科,小孩上呼吸道感染是怎么引起,无,你好，根据的你叙述，宝宝应该是受凉感冒，可以喂服点感力克，麻甘颗粒试试，另外化验一下血象。如果血象较高，需要抗生素治疗，阿奇霉素效果不错的，让宝宝多喝水，发热的话可以配合布洛芬混悬剂口服，祝宝宝早日康复
内科,退热贴？现在好多小孩家长不敢用退烧药了改用退,无,"你好，这种情况是需要注意是否是病毒性感冒,扁桃体炎,以及是肺炎的情况，需要检查一下血常规和支原体看看。明确病因后再对症治疗"
神经内科,5个月宝宝发烧38度怎么办,无,"你好，这种情况是需要注意是否是病毒性感冒,扁桃体炎,以及是肺炎的情况，需要检查一下血常规和支原体看看。明确病因后再对症治疗"
内科,孩子经常发烧是怎么回事,无,体质较弱的孩子在较长时间内反复不断地发生感冒、发热、咳嗽、流涕、咽喉肿痛等呼吸道感染。这主要与孩子免疫功能低下、营 养不良或不合理、吸入了烟尘、粉尘、虫螨等有关。
内科,2岁的宝宝咳嗽流鼻涕吃什么药好,无,考虑为感冒的可能，可以采用小儿氨酚黄那敏颗粒治疗，多喝开水，注意保暖很重要，必要时可以采用输液进行治疗的。
内科,小儿积食发烧与感冒发烧有什么区别,无,您好，孩子积食的话，一般都是低烧的，应该是不会超过38度的，如果有高营业税，要及时服用退烧药物。如果血象正常，孩子没有大便的话，给孩子服用点健儿消食口服液，注意保暖，食物吃流质的再
新生儿科,小儿EB病毒感染,无,"孩子感冒建议给宝宝口服些感冒的药物如小儿氨酚黄那敏颗粒，配合些阿莫西林颗粒及蛇胆陈皮散，保持室内合适的温度和湿度,空气新鲜.多喂水，注意保暖，祝宝宝早日康复"
内科,宝宝流鼻涕吃什么药,无,"你好，小孩接受了冷空气,会因为敏感而流鼻涕,如早上流鼻涕或鼻塞,常由过敏引起,这种鼻涕是清水样的,但伤风感冒也会流鼻涕,如果是黄鼻涕,则可能感染了病毒.普通感冒建议服用桑桔感冒片,小儿感冒冲剂,板兰根冲剂,银翘解毒,六神丸,维生素C等就可以了。"
内科,"新生儿呼吸急促,请问是什么问题?",无,您好；这种情况需要平喘药物，抗过敏药物，激素，抗生素治疗，平时注意休息，多饮水，忌食诱发哮喘的食物，如鱼虾等。避免接触刺激性气体、烟雾、灰尘和油烟等。避免受凉和上呼吸道感染，预防感冒。加强体育锻炼及深呼吸锻炼。
内科,孩子咳嗽不好吃什么药,半个月左右，咳嗽，不发烧，不流鼻涕。没去医院,你好，小儿咳嗽关键是寻找引起咳嗽的原因．一般轻度而不频繁的咳嗽有助于排痰，痰液排出后，咳嗽往往会自然缓解，因而不必使用止咳药．剧烈而频繁的咳嗽对身体是十分有害的．对剧烈干咳的可在短时间内应用止咳药物，如可待因糖浆，以帮助止咳．对咳嗽痰多、粘稠、不易咳出的患儿，应使用止咳化痰药，如祛痰灵、泰诺感冒咳嗽糖浆，同时注意保证患儿有足够的水分摄入，使痰液稀释，有助于痰液的排出。对于咳嗽的同时，有明显的炎症迹象，如发热、痰黄色而粘稠、血白细胞增加等，可加用抗生素，如卡那霉素和阿莫西林等。此外，应根据引起咳嗽的病因进行治疗。
内科,宝宝鼻子不通气怎么办,无,考虑是病毒性感冒。一般情况下病毒性感冒没有特效的治疗，应注意休息和避免受凉，多喝水，清淡易消化饮食。也可以服用复方氨酚烷胺片，复方大青叶合剂等药物治疗。
内科,一岁到两岁小孩咳嗽老不好怎么办,无,"你好，你说的孩子这种咳嗽的现象考虑孩子还是感冒导致的支气管有炎症的原因引起的，在孩子时期也是比较多见的一种疾病。
内科,小孩晚上咳嗽偏方,无,您好，咳嗽可以在很多的疾病中出现，比如感冒、上呼吸道感染、咽喉炎、肺部的疾病、心血管系统的疾病等。咳嗽严重的患者可以考虑用抗生素治疗。平时注意休息、多喝水、饮食尽量清淡。睡眠的时候咳嗽加重，应该是与睡觉的姿势导致呼吸不通畅、冷空气刺激有关系的。
内科,小孩经常咳嗽怎么办,患者男，八岁，经常感冒咳嗽，特别是春秋冬季节。,咳嗽引起的原因一般和气管炎，咽喉炎支原体感染等原因引起的咳嗽的症状，一般是需要检查一下确诊在针对性的治疗的，建议及时的口服阿奇霉素，克咳敏，等药物缓解咳嗽的症状，早康复。
内科,婴儿感冒流鼻涕怎么办 才10天啊,无,考虑为感冒的可能，可以采用小儿氨酚黄那敏颗粒治疗，多喝开水，注意保暖很重要，必要时可以采用输液进行治疗的。
内科,宝宝流鼻涕怎么办？,无,"这种情况考虑是感冒引起的，多因外感风寒。抵抗力差等因素诱发的,在治疗上可使用好娃娃和头孢克唔颗粒进行治疗较好，同时要多饮水，多吃一些水果补充维生素"
内科,小儿高烧不退怎么办,无,发烧是常见现象，一般是由感冒引起的，由于体温调节中枢发育还不完善，所以很容易受外界影响而引起体温波动。一般建议不超过38度，是不需要服用退烧药的，可以以物理降温为主，酒精擦身，温水擦洗脸部，额头。超过38度，一般可以服用布洛芬混悬剂或者萘普生
内科,【婴儿感冒】婴儿感冒咳嗽怎么办,无,一般不需特殊治疗，多喂宝宝一些温开水、姜汁水或葱头水。尽量少用感冒药，宝宝烦躁、发热时，可给少许小儿欣口服；切忌使用成人退热药，不宜喂止咳糖浆、止咳片等止咳药，更不要滥用抗生素。
内科,小儿肺炎典型症状有哪些？,无,"一般前期多有着凉等感冒病史，主要症状是发热，咳嗽，气促，及如精神不振，食欲不振，烦躁不安，轻度腹泻或呕吐等为表现得全身症状。
神经内科,小孩发烧！怎样快速退烧,无,根据你说的症状考虑是病毒引起发烧感冒表现治疗应该可以先用美林退烧配合冰冰贴，配合点滴治疗多喝水，注意观察病情。
内科,【小孩反复发烧怎么办】宝宝反复发烧怎么办,无,发烧是常见现象，一般是由感冒引起的，由于体温调节中枢发育还不完善，所以很容易受外界影响而引起体温波动。一般建议不超过38度，是不需要服用退烧药的，可以以物理降温为主，酒精擦身，温水擦洗脸部，额头。超过38度，一般可以服用布洛芬混悬剂或者萘普生
神经内科,小孩子反复发烧38度左右怎么办？,无,根据你的描述考虑是病毒性感冒引起的发热，一般情况下病毒性感冒没有特效的药物，发热可能会持续三天左右。如果高热不退或超过三天，需要注意检查排除感染的可能，就是用消炎药治疗。可到医院做血常规检查判断是病毒或细菌感染。
内科,孩子总是反复发烧该怎么办,无,你好：孩子免疫能力的提高需要采取多方面的措施，最重要的是饮食与锻炼。要注意饮食结构的合理性，不要一味地高蛋白饮食。另外要多带宝宝到户外，叫孩子多运动，晒晒太阳，在大自然当中锻炼，最好能让小孩学游泳，再则忌食冰冷食物，若能照以上这些方法去做，相信孩子体质会有提高，感冒自然少了。
神经内科,三岁的宝宝发烧怎么办,无,"你好，这种情况是需要注意是否是病毒性感冒,扁桃体炎,以及是肺炎的情况，需要检查一下血常规和支原体看看。明确病因后再对症治疗"
内科,宝宝感冒受凉打喷嚏、流鼻涕怎么办？,无,你好，根据你的叙述，宝宝是感冒引起的，可以吃点感力克，麻甘颗粒试试，注意多喂水，如果发热可以吃点布洛芬混悬剂试试，祝宝宝早日康复
内科,什么症状可以用葵花牌小儿肺热咳喘口服液,无,你好，根据的你叙述，宝宝应该是受凉感冒，可以喂服点感力克，麻甘颗粒试试，另外化验一下血象。如果血象较高，需要抗生素治疗，阿奇霉素效果不错的，让宝宝多喝水，发热的话可以配合布洛芬混悬剂口服，祝宝宝早日康复
内科,感冒发烧宝宝最需要吃什么,无,可以喂服点感力克，麻甘颗粒试试，另外化验一下血象。如果血象较高，需要抗生素治疗，阿奇霉素效果不错的，让宝宝多喝水，发热的话可以配合布洛芬混悬剂口服，祝宝宝早日康复
内科,十个月的宝宝流鼻涕怎么办呀,无,考虑为感冒的可能，可以采用小儿氨酚黄那敏颗粒治疗，多喝开水，注意保暖很重要，必要时可以采用输液进行治疗的。
内科,【小儿感冒食谱】小儿感冒吃什么好的快、感冒了,无,根据你说的症状主要是病毒引起感冒表现治疗应该抗病毒，可以点滴治疗，服用小儿氨黄那敏颗粒，多喝水，饮食以清淡为主忌辛辣刺激食物。
内科,宝宝经常感冒怎么办,无,容易感冒可能是抵抗力低下，身体虚弱或有慢性感染灶，慢性疾病等。应注意适当运动，防治慢性病灶，增加营养。可以应用免疫调节剂对症治疗。
内科,九个月的宝宝发烧怎么办,无,你好，宝宝发烧可能是病菌感染或着凉感冒引起的。若是体温没有超过38.5度，一般不建议应用退烧药物，可以配合物理方法降温，比如用酒精棉球或湿棉布擦拭宝宝额头或腋窝部位等。必要的话到医院检查一下血常规，如有感染，配合抗菌药物治疗即可。注意让宝宝多喝水，有助缓解病情。祝宝宝早日康复！
内科,宝宝感冒可以打预防针吗,无,你好根据你的情况属于受凉或病毒感染引起的，建议保持心情舒畅注意休息，清淡饮食多饮水忌辛辣油腻，药物二丁颗粒，感冒清热颗粒，阿昔洛韦片调理。
新生儿科,宝宝心脏有杂音是怎么回事,无,建议及时的去医院检查一下b超看看吧如果先天性心脏病不严重那么就是不需要治疗的，均衡营养及时的增强抵抗力减少感冒就可以的
新生儿科,宝宝发低烧怎么办,无,"您好,患者的情况属于病毒性感冒造成的支气管炎表现,如果持续发热,并且有咳嗽,痰多,气喘等表现时,应该去医院进行治疗.
内科,孩子感冒发烧吃什么食物好得快？,无,"你好，可以口服一些维C银翘片或银翘解毒片和抗生素类消炎药，多吃富含维C的水果和蔬菜,多休息,少活动.建议您多喝水,多喝水能促使身体散热,润喉,防范或延缓咳嗽的发生,并有利于缓解病毒和药品给身体带来的不适,"
内科,宝宝发烧37.5怎么办啊？,无,你好，宝宝发烧可能是病菌感染或着凉感冒引起的。若是体温没有超过38.5度，一般不建议应用退烧药物，可以配合物理方法降温，比如用酒精棉球或湿棉布擦拭宝宝额头或腋窝部位等。必要的话到医院检查一下血常规，如有感染，配合抗菌药物治疗即可。注意让宝宝多喝水，有助缓解病情。祝宝宝早日康复！
抵抗力下降，易感冒、头发稀疏、生发迟、枕部脱发、智力发育迟缓、学步晚、出牙晚或出牙不整齐等情况，如果出现以上症状，建议最好带宝宝去医院做个微量元素的检查才好。"
内科,孩子持续发烧怎么办？,无,根据你说症状主要是病毒引起发烧感冒表现，治疗应该抗病毒退烧，可以点滴治疗，配合羚羊角片退烧，饮食以清淡为主，多喝水。
新生儿科,小孩脑炎都会有什么症状？,无,早期发病症状跟感冒差不多，宝宝会出现发热、全身肌肉酸痛、倦怠乏力、食欲低下等症状，典型病毒性脑炎主要有三大症状：头痛、呕吐和脑膜刺激征。宝宝可变现为高热不退，也可能仅为低热，但维持时间较长。
耳鼻喉科,宝宝鼻塞怎么办,无,孩子的鼻塞的症状可能轻微的感冒引起的症状口服，扑尔敏治疗要均衡营养多吃新鲜蔬菜水果，补充多种维生素和微量元素，保持情绪稳定，及时的观察治疗就可以的。
内科,八个月宝宝发烧38.5怎么办？,无,孩子发烧是常见现象，一般是由感冒引起的，由于孩子体温调节中枢发育还不完善，所以很容易受外界影响而引起体温波动。一般建议不超过38度，是不需要服用退烧药的，可以以物理降温为主，酒精擦身，温水擦洗脸部，额头。超过38度，一般可以服用布洛芬混悬剂或者萘普生
耳鼻喉科,小孩子为什么流鼻血？,无,罹患感冒的小孩——因为感冒会使得鼻黏膜的抵抗力降低，加上感冒的症状（鼻塞、流鼻水、鼻脓等）会令小孩做出一些直接伤害到鼻黏膜的动作（如用力擤鼻涕、挖鼻孔等），因而易流鼻血。
外科,11个月宝宝发烧38.5怎么办呀,无,发烧是常见现象，一般是由感冒引起的，由于体温调节中枢发育还不完善，所以很容易受外界影响而引起体温波动。一般建议不超过38度，是不需要服用退烧药的，可以以物理降温为主，酒精擦身，温水擦洗脸部，额头。超过38度，一般可以服用布洛芬混悬剂或者萘普生
外科,11个月宝宝发烧38.5怎么办呀,无,发烧是常见现象，一般是由感冒引起的，由于体温调节中枢发育还不完善，所以很容易受外界影响而引起体温波动。一般建议不超过38度，是不需要服用退烧药的，可以以物理降温为主，酒精擦身，温水擦洗脸部，额头。超过38度，一般可以服用布洛芬混悬剂或者萘普生
耳鼻喉科,小孩子为什么流鼻血？,无,罹患感冒的小孩——因为感冒会使得鼻黏膜的抵抗力降低，加上感冒的症状（鼻塞、流鼻水、鼻脓等）会令小孩做出一些直接伤害到鼻黏膜的动作（如用力擤鼻涕、挖鼻孔等），因而易流鼻血。
内科,6个月大婴儿拉绿屎是怎么回事,无,"如果只有绿色大便，注意腹部保暖，尤其在晚上，过几天就会恢复。如果有感冒症状，应同时对感冒进行对症治疗。另外如果不仅拉绿色大便,大便次数多，水分又多，出现腹泻，应当及时到医院检查大便。再对症治疗。"
内科,26天新生儿感冒的症状是怎么样的？,无,新生儿感冒的症状，我来说说吧。感冒的症状虽然多种多样，但归纳起来可以概括为两大类：1、局部症状：包括鼻塞、流涕、喷嚏、咽痛、干咳、声音嘶哑、流眼泪、耳蒙、耳鸣等。这是感冒病毒在呼吸道局部大量生长繁殖，造成呼吸道粘膜炎症所致。
神经内科,11个月宝宝发烧39.6度，吃了美林退了，晚,无,考虑是病毒性感冒引起的发热，一般情况下病毒性感冒没有特效的药物，发热可能会持续三天左右。如果高热不退或超过三天，需要注意检查排除感染的可能，就是用消炎药治疗。可到医院做血常规检查判断是病毒或细菌感染。
内科,4岁孩子老说肚子痛怎么办,无,"小儿腹痛这个原因很多,如：感冒,肠炎消化不良寄生虫感染等,建议你先检查清楚.尤其是是否是有肠系膜淋巴结肿大发炎的可能和胃炎的可能.注意防止感冒和注意避免吃生冷食物和辛辣食物,急性期抗炎治疗和适当使用解痉的药物.另外加上藿香冲剂试试."
内科,孩子咳嗽有痰怎么办？,无,您好，宝宝咳嗽可能是感冒，支气管炎或肺炎的症状。建议及时服用抗生素制剂如头孢拉定干混悬剂，阿奇霉素颗粒和小儿化痰止咳颗粒治疗。必要时到医院检查明确诊断以利治疗。
内科,宝宝感冒后咳嗽怎么办,无,你好，这种情况建议让患儿多饮温水，注意患儿的保暖，让患儿多休息，可以选择给患儿服用小儿氨酚黄那敏颗粒和小儿止咳糖浆来治疗即可，
内科,小儿发烧怎么办？,无,发烧是常见现象，一般是由感冒引起的，由于体温调节中枢发育还不完善，所以很容易受外界影响而引起体温波动。一般建议不超过38度，是不需要服用退烧药的，可以以物理降温为主，酒精擦身，温水擦洗脸部，额头。超过38度，一般可以服用布洛芬混悬剂或者萘普生
外科,九个月宝宝流鼻涕怎么办,无,您好，孩子的症状考虑是受凉引起的或病毒性感冒。建议多喝水和保暖，可以喂服小儿氨酚黄那敏颗粒对症治疗。注意观察体温。
耳鼻喉科,宝宝喉咙哭嘶哑了怎么办,无,建议口服抗病毒药物和感冒冲剂试试.有炎症还是应该加上抗生素。口服药物不见效的，建议输液治疗为好。在当地医生指导下使用。
内科,宝宝感冒咳嗽有痰怎么办,无,考虑为感冒的可能，可以采用小儿氨酚黄那敏颗粒治疗，多喝开水，注意保暖很重要，必要时可以采用输液进行治疗的。
平时主要预防感冒引起发热，如果出现发热应该提前服用退热药避免体温过高导致抽搐，同时可以服用安定等镇静药物连服三天，这样就可以避免抽搐。"
外科,宝宝发低烧怎么回事,无,您好，孩子的症状考虑是受凉引起的或病毒性感冒。建议多喝水和保暖，可以喂服小儿氨酚黄那敏颗粒对症治疗。注意观察体温。
新生儿科,11个月宝宝发烧怎么办,无,你好，孩子发烧是常见现象，一般是由感冒引起的，由于孩子体温调节中枢发育还不完善，所以很容易受外界影响而引起体温波动。一般建议不超过38度，是不需要服用退烧药的，可以以物理降温为主，酒精擦身，温水擦洗脸部，额头。超过38度，一般可以服用布洛芬混悬剂或者萘普生
神经内科,宝宝发烧38.5度算高烧吗？该怎么办？,无,根据你说情况主要是病毒引起感冒发烧表现治疗应该抗病毒，退烧可以服用美林。配合冰冰贴，服用小儿氨黄那敏颗粒，多喝水。
耳鼻喉科,新生儿听力筛查没通过的人多吗?,无,建议密切观察孩子平时对各种声音的反应，同时尽量避免孩子接触噪声，慎用耳毒性药物，避免孩子感冒和头部受伤，最重要的是要按时到医院复查，绝大多数孩子最终会是听力正常的。即使检查存在听力障碍，通过早期治疗和干预，也将使孩子最终融入主流社会。
新生儿科,11个月的宝宝老是流鼻涕怎么办,无,孩子的症状就是有轻微的感冒引起的症状。要及时的均衡营养多吃新鲜蔬菜水果忌辛辣食物多喝水注意休息及时的补充多种维生素和微量元素。补钙和叶酸的方法治疗。
内科,宝宝持续低烧的该如何解决？,无,你好，宝宝发烧可能是病菌感染或着凉感冒引起的。若是体温没有超过38.5度，一般不建议应用退烧药物，可以配合物理方法降温，比如用酒精棉球或湿棉布擦拭宝宝额头或腋窝部位等。必要的话到医院检查一下血常规，如有感染，配合抗菌药物治疗即可。注意让宝宝多喝水，有助缓解病情。祝宝宝早日康复！
内科,3岁的孩子感冒，流鼻涕，应该怎么办？,无,考虑为感冒的可能，可以采用小儿氨酚黄那敏颗粒治疗，多喝开水，注意保暖很重要，必要时可以采用输液进行治疗的。
内科,宝宝咳嗽可以打预防针吗？,无,你好，如果孩子感冒咳嗽，是不可以注射疫苗的，否则会影响免疫效果的，还会加重疫苗的副作用，引起过敏反应，可以晚几天感冒好了再注射疫苗，一般晚几天是可以的，不会影响免疫效果的，不要担心，祝宝宝健康成长
耳鼻喉科,宝宝扁桃体发炎怎么办？应该吃什么药？扁桃体要,无,孩子的症状就是扁桃体炎和扁桃体肿大引起的症状，建议先口服抗生素的方法治疗口服阿奇霉素，维生素C治疗就可以的，无效时要通过手术的方法治疗，一定要增强抵抗力，减少感冒。
内科,宝宝着凉咳嗽怎么办,无,你好，根据的你叙述，宝宝应该是受凉感冒，可以喂服点感力克，麻甘颗粒试试，另外化验一下血象。如果血象较高，需要抗生素治疗，阿奇霉素效果不错的，让宝宝多喝水，发热的话可以配合布洛芬混悬剂口服，祝宝宝早日康复
内科,三岁孩子发烧怎么办？,无,小儿发烧的病因是相当多的，临床上可以分为感染性与非感染性，以感染性多见，如感冒等是最常见的病因，对于发热需要首先明确病因，针对病因进行处理，体温过高时容易引起小儿高热惊厥，所以也是有必要控制体温的，主要是采用药物降温与物理降温的方法，具体用药最好能在医生指导下使用。
内科,宝宝睡觉时偶尔会咳嗽一下，这正常吗？是生病咳,无,您好，孩子的症状考虑是受凉引起的或病毒性感冒。建议多喝水和保暖，可以喂服小儿氨酚黄那敏颗粒对症治疗。注意观察体温。
内科,小儿感冒药哪些比较好？,无,您好，孩子的症状考虑是受凉引起的或病毒性感冒。建议多喝水和保暖，可以喂服小儿氨酚黄那敏颗粒对症治疗。注意观察体温。
耳鼻喉科,宝宝流鼻子，怎么办,无,你好，考虑为感冒的可能，通常有咳嗽、咳痰、发烧的情况，所测量的体温不需加0.5度，超过37度就是发烧，可以采用小儿氨酚黄那敏颗粒治疗，多喝开水，注意保暖很重要，必要时可以采用输液进行治疗的。
营养保健科,小儿咳嗽能吃西瓜吗,无,你好，考虑为感冒的可能，通常有咳嗽、咳痰、发烧的情况，所测量的体温不需加0.5度，超过37度就是发烧，可以采用小儿氨酚黄那敏颗粒治疗，多喝开水，注意保暖很重要，必要时可以采用输液进行治疗的。
营养保健科,宝宝常备药有哪些？,无,常备药就是感冒药，发烧药，去火的，健胃的，清热的，消炎的，退热贴，创可贴都是家里必备的药，注意卫生，保持心情舒畅。
营养保健科,小孩子吃柚子好不好？,无,如果宝宝经常感冒、咳嗽或气管敏感，妈妈可将新鲜柚子留皮去核，配正北杏、贝母、未经漂染雪耳(或黄耳)各一两(30克)，加数瓶蜜糖(最好选用能润肺止咳的蜜糖)炖一日，常服便可强健肺部。
内科,小儿化痰去咳，哪个品牌药效果好？,无,你好，宝宝咳嗽有痰应该是感冒造成的支气管炎症状。可以应用小儿止咳糖浆、小儿肺热咳喘口服液配合阿奇霉素或阿莫西林等抗菌药物治疗。平时可以给宝宝喝点冰糖梨汁或川贝炖雪梨，对缓解咳嗽多痰也有不错的效果。注意多喝水，做好保暖，防止着凉。
内科,4岁孩子发烧不退手脚冰凉使用什么药,无,你好需要注意休息注意保暖，易消化易吸收饮食，避免不良刺激，可以服用感冒清热颗粒调理，抗生素抗感染治疗，
内科,宝宝病毒性感冒吃什么药,无,你好，这种情况患儿可以服用一些抗病毒的药物如抗病毒口服液，利巴韦林颗粒。要注意身重和服用量，症状就会缓解。
内科,宝宝咳嗽怎么给宝宝炖冰糖雪梨啊,无,你好，宝宝咳嗽有痰应该是感冒造成的支气管炎症状。可以应用小儿止咳糖浆、小儿肺热咳喘口服液配合阿奇霉素或阿莫西林等抗菌药物治疗。平时可以给宝宝喝点冰糖梨汁或川贝炖雪梨，对缓解咳嗽多痰也有不错的效果。注意多喝水，做好保暖，防止着凉。
内科,婴儿感冒咳嗽流鼻涕，可以吃头孢消炎药吗？,无,你好属于受凉受寒引起的，需要增加营养补充维生素微量元素，易消化饮食，保持心情舒畅注意休息，可以服用消炎药
内科,一周岁小孩贫血；吃什么好？,无,宝宝在贫血时厌食生长缓慢，精神萎靡无力，抵抗力下降，易患感冒等疾病，而且在患感冒后病程较长，不易痊愈。给宝宝积极的纠正贫血症状，补充铁剂等。
外科,小孩被蚊子咬后会不会发烧,无,发烧是常见现象，一般是由感冒引起的，由于体温调节中枢发育还不完善，所以很容易受外界影响而引起体温波动。一般建议不超过38度，是不需要服用退烧药的，可以以物理降温为主，酒精擦身，温水擦洗脸部，额头。超过38度，一般可以服用布洛芬混悬剂或者萘普生
内科,小孩着凉发烧了怎么办,无,小儿发烧的病因是相当多的，临床上可以分为感染性与非感染性，以感染性多见，如感冒等是最常见的病因，对于发热需要首先明确病因，针对病因进行处理，体温过高时容易引起小儿高热惊厥，所以也是有必要控制体温的，主要是采用药物降温与物理降温的方法
内科,小孩感冒吃护彤好吗？,无,在有发热的时候口服的。一般的情况下是不能口服的，对症治疗要及时的均衡营养多吃新鲜蔬菜水果忌辛辣食物多喝水注意休息及时的补充多种维生素。保持情绪稳定早康复。
内科,孩子感冒过后晚上睡觉出虚汗，怎么办？,无,可能是缺钙引起的，需要口服葡萄糖酸钙等药物治疗。平时需要加强营养、不能偏食，多喝骨头汤。多晒太阳。多吃维生素类的食物。
内科,2岁宝宝打喷嚏。流鼻涕。还有点轻微咳嗽。应该,无,"这个情况很可能就是感冒了，小孩的病情变化比较快，需要及时到医院找医生检查治疗，不要自行买药吃。
神经内科,新生儿发烧38度怎么办？,无,你好，孩子发烧是常见现象，一般是由感冒引起的，由于孩子体温调节中枢发育还不完善，所以很容易受外界影响而引起体温波动。一般建议不超过38度，是不需要服用退烧药的，可以以物理降温为主，酒精擦身，温水擦洗脸部，额头。超过38度，一般可以服用布洛芬混悬剂或者萘普生
内科,秋季小儿感冒吃什么好的快？,无,你好，根据的你叙述，宝宝应该是受凉感冒，可以喂服点感力克，麻甘颗粒试试，另外化验一下血象。如果血象较高，需要抗生素治疗，阿奇霉素效果不错的，让宝宝多喝水，发热的话可以配合布洛芬混悬剂口服，祝宝宝早日康复
内科,六个月的宝宝感冒咳嗽可以喝冰糖炖梨水吗?,无,宝宝感冒咳嗽可以喝冰糖炖梨水的，另外可以给孩子喂服麻甘颗粒，清竹沥口服液试试，如果血象高的话需要配合抗生素治疗的，阿奇霉素分散片效果不错的，让宝宝多喝水，注意室内经常通风换气，慢慢会改善的，祝宝宝健康成长
内科,我家宝宝发烧39.4度，怎么办？,无,孩子发烧是常见现象，一般是由感冒引起的，由于孩子体温调节中枢发育还不完善，所以很容易受外界影响而引起体温波动。一般建议不超过38度，是不需要服用退烧药的，可以以物理降温为主，酒精擦身，温水擦洗脸部，额头。超过38度，一般可以服用布洛芬混悬剂或者萘普生
内科,1周岁宝宝感冒流鼻涕咳嗽怎么办？,无,您好，孩子的症状考虑是受凉引起的或病毒性感冒。建议多喝水和保暖，可以喂服小儿氨酚黄那敏颗粒对症治疗。注意排除发热。
内科,5岁孩子经常咳嗽怎么办?,无,您好，宝宝咳嗽可能是感冒，支气管炎或肺炎的症状。建议及时服用抗生素制剂如头孢拉定干混悬剂，阿奇霉素颗粒和小儿化痰止咳颗粒治疗。必要时到医院检查明确诊断以利治疗。
